"","customer","acquisition","duration","censor","acq_expense","acq_expense_sq","industry","revenue","employees","ret_expense","ret_expense_sq","crossbuy","frequency","frequency_sq","gender","married","income","first_purchase","loyalty","sow","clv"
"1",1,1,384,0,760.36,578147.33,1,30.16,1240,2309.79,5335129.84,5,2,4,1,0,4,33.55,1,46,759.12
"2",2,0,0,0,147.7,21815.29,1,39.8,166,0,0,0,0,0,1,0,3,94.01,1,28,160.77
"3",3,0,0,0,252.56,63786.55,1,54.93,1016,0,0,0,0,0,1,0,3,157.55,1,30,486.42
"4",4,1,730,1,609.73,371770.67,1,45.83,122,2192.59,4807450.91,2,12,144,0,0,2,211.49,0,82,1983.2
"5",5,1,579,0,672.36,452067.97,1,69.03,313,801.14,641825.3,4,7,49,0,0,4,165.22,1,100,2445.97
"6",6,0,0,0,435.57,189721.22,0,22.54,359,0,0,0,0,0,0,1,5,138.77,0,100,2270.71
"7",7,0,0,0,362.9,131696.41,0,32.97,902,0,0,0,0,0,0,0,5,98.36,0,6,32.15
"8",8,0,0,0,883.54,780642.93,0,22.48,264,0,0,0,0,0,0,0,3,169.44,0,18,253.36
"9",9,1,730,1,452.35,204620.52,1,17.98,1782,1340.75,1797610.56,1,11,121,1,1,2,126.38,0,42,663.85
"10",10,1,730,1,786.72,618928.36,1,38.91,539,2265.93,5134438.76,1,14,196,0,1,5,121.26,0,66,1628.76
"11",11,0,0,0,504.03,254046.24,1,28.85,605,0,0,0,0,0,1,0,6,54.92,1,86,1949.9
"12",12,0,0,0,842.5,709806.25,0,49.41,87,0,0,0,0,0,0,0,4,60.82,1,18,408.24
"13",13,0,0,0,150.51,22653.26,1,41.91,625,0,0,0,0,0,0,0,3,133.75,1,88,2027.92
"14",14,1,730,1,472.13,222906.74,0,58.91,1507,2430.31,5906406.7,5,2,4,0,0,2,162.39,0,79,1795.4
"15",15,0,0,0,485,235225,1,39.97,643,0,0,0,0,0,0,1,5,112.12,0,46,328.92
"16",16,1,730,1,610.91,373211.03,1,33.78,41,2071.53,4291236.54,6,8,64,0,0,4,165.13,0,21,243.49
"17",17,1,730,1,687.13,472147.64,1,23.41,398,2511.73,6308787.59,1,16,256,0,0,6,155.1,1,25,209.72
"18",18,0,0,0,220.47,48607.02,1,30.21,885,0,0,0,0,0,1,0,2,216.92,0,13,305.33
"19",19,1,730,1,460.03,211627.6,0,60.07,1385,2024.75,4099612.56,4,3,9,1,0,3,100.17,1,38,389.38
"20",20,0,0,0,368.19,135563.88,0,49.28,544,0,0,0,0,0,0,0,5,81.13,1,49,775.58
"21",21,1,115,0,805.6,648991.36,1,8.1,893,803.64,645837.25,3,9,81,0,1,2,95.35,0,28,972.12
"22",22,0,0,0,336.61,113306.29,1,37.08,746,0,0,0,0,0,1,0,4,181.15,1,88,2622.67
"23",23,1,730,1,432.05,186667.2,1,10.24,1140,1892.29,3580761.44,6,7,49,0,0,1,139.78,0,26,634.85
"24",24,0,0,0,233.97,54741.96,0,47.57,1293,0,0,0,0,0,1,0,2,87.14,1,81,1611.54
"25",25,1,730,1,374.47,140227.78,0,59.86,1032,1486.53,2209771.44,4,8,64,1,0,1,115.63,0,29,525.97
"26",26,1,730,1,468.21,219220.6,1,29.57,390,1507.55,2272707,1,12,144,1,0,4,113.4,1,63,1097.49
"27",27,1,594,0,554.44,307403.71,1,37.49,163,930.38,865606.94,5,2,4,1,1,6,97.82,0,38,623.19
"28",28,0,0,0,280.01,78405.6,1,8.62,93,0,0,0,0,0,1,1,5,145.22,1,55,310.47
"29",29,1,730,1,662.62,439065.26,1,10.18,1446,2595.34,6735789.72,1,15,225,0,1,6,114.15,1,92,1868.35
"30",30,0,0,0,206.7,42724.89,0,47.99,283,0,0,0,0,0,1,1,5,126.99,1,67,1834.26
"31",31,0,0,0,447.31,200086.24,0,1.86,86,0,0,0,0,0,0,0,2,60.75,1,37,705.95
"32",32,0,0,0,116.11,13481.53,1,25.8,515,0,0,0,0,0,1,0,4,57.15,1,53,507.19
"33",33,0,0,0,365.33,133466.01,0,60.24,1188,0,0,0,0,0,1,0,5,123.85,1,26,646.85
"34",34,0,0,0,436.82,190811.71,0,74.86,350,0,0,0,0,0,0,0,2,113.09,1,80,1441.99
"35",35,1,371,0,776.18,602455.39,0,26.46,728,2084.17,4343764.59,1,11,121,1,0,3,128.3,0,36,1324.6
"36",36,1,205,0,818.76,670367.94,1,27.08,99,1511.85,2285690.42,3,8,64,0,0,5,120.17,1,100,2229.87
"37",37,1,730,1,505.5,255530.25,1,34.46,440,1784.62,3184868.54,6,8,64,1,0,2,135.29,1,2,430.3
"38",38,1,404,0,494.37,244401.7,1,15.75,1202,849.25,721225.56,4,2,4,1,0,4,109.17,0,26,300.92
"39",39,0,0,0,250.5,62750.25,0,27.95,356,0,0,0,0,0,1,0,1,121.66,1,51,1600.97
"40",40,1,187,0,848.18,719409.31,1,42.77,52,1470.59,2162634.95,1,11,121,0,0,5,71.08,0,48,1461.94
"41",41,1,730,1,602.53,363042.4,1,3.47,639,1521.6,2315266.56,3,10,100,0,0,4,108.25,0,86,1804.95
"42",42,1,404,0,774.13,599277.26,0,42.32,983,1442.47,2080719.7,5,15,225,1,0,4,158.36,0,61,1928.08
"43",43,0,0,0,177.91,31651.97,1,13.98,1265,0,0,0,0,0,0,0,4,187.14,1,100,1697.76
"44",44,1,730,1,513.39,263569.29,1,60.06,1062,1499.05,2247150.9,1,13,169,1,0,2,140.09,1,38,661.83
"45",45,0,0,0,578.08,334176.49,1,28.79,283,0,0,0,0,0,1,0,4,82.26,1,51,1386.5
"46",46,1,730,1,580.63,337131.2,0,45.96,418,1947.59,3793106.81,6,5,25,1,0,6,159.73,0,61,1439.69
"47",47,1,730,1,386.77,149591.03,1,50.15,1630,1040.52,1082681.87,4,10,100,0,1,5,47.88,1,34,479.77
"48",48,1,197,0,838.94,703820.32,0,64.2,1478,1330.2,1769432.04,6,6,36,0,0,6,178.57,1,38,571.47
"49",49,0,0,0,47.84,2288.67,1,15.98,1040,0,0,0,0,0,0,0,4,33.7,1,4,0.62
"50",50,0,0,0,512.52,262676.75,0,40.09,85,0,0,0,0,0,0,1,2,68.04,0,13,205.94
"51",51,0,0,0,405.9,164754.81,0,41.02,274,0,0,0,0,0,1,0,3,129.37,0,17,972.05
"52",52,0,0,0,194.63,37880.84,0,21.31,199,0,0,0,0,0,0,0,5,187.54,1,84,1991.56
"53",53,0,0,0,232.14,53888.98,1,39.73,384,0,0,0,0,0,1,0,5,46.79,0,11,296.04
"54",54,1,270,0,325.81,106152.16,0,68.71,1510,150.29,22587.08,4,1,1,1,1,4,145.68,0,100,2589.15
"55",55,0,0,0,280.58,78725.14,0,48.62,917,0,0,0,0,0,1,1,4,78.99,1,84,1654.82
"56",56,0,0,0,195.59,38255.45,0,54.45,225,0,0,0,0,0,0,1,4,162.52,1,41,283.61
"57",57,1,421,0,541.13,292821.68,0,31.37,238,1292.41,1670323.61,5,1,1,1,0,6,94.11,0,86,2491.38
"58",58,1,730,1,736.84,542933.19,1,24.61,394,1607.83,2585117.31,2,15,225,1,1,1,173.31,0,34,357.67
"59",59,1,730,1,650.55,423215.3,1,54.83,230,2771.63,7681932.86,2,6,36,1,0,5,130.37,1,100,2283.02
"60",60,1,605,0,555.1,308136.01,1,25.69,295,743.43,552688.16,1,13,169,1,0,6,131.11,1,49,1394.41
"61",61,1,730,1,515.12,265348.61,1,56.65,1539,2303.57,5306434.74,6,11,121,0,1,4,195.42,0,100,2281.82
"62",62,1,730,1,613.16,375965.19,1,45.67,563,1659.95,2755434,4,1,1,0,0,5,94.39,1,65,1262.06
"63",63,0,0,0,353.8,125174.44,1,18.52,220,0,0,0,0,0,1,0,2,83.76,1,43,1122.87
"64",64,1,86,0,815.3,664714.09,0,12.39,1403,1584.61,2510988.85,5,4,16,0,0,5,116.64,0,35,711.75
"65",65,1,431,0,554.04,306960.32,0,14.8,596,1006.56,1013163.03,6,9,81,1,1,2,145.93,0,32,308.59
"66",66,1,730,1,560.93,314642.46,0,51.12,626,1769.78,3132121.25,5,9,81,0,1,2,125.51,1,52,682.88
"67",67,1,468,0,733.28,537699.56,0,39.83,991,1252.27,1568180.15,5,14,196,1,0,4,178.69,1,51,1037.52
"68",68,0,0,0,544.61,296600.05,0,58.03,22,0,0,0,0,0,0,0,6,160.25,0,58,790.88
"69",69,0,0,0,161.48,26075.79,0,57.91,877,0,0,0,0,0,0,0,6,99.94,0,15,102.02
"70",70,1,730,1,530.78,281727.41,1,15.66,1608,1163.68,1354151.14,5,15,225,1,0,3,76.08,1,95,2090.96
"71",71,1,730,1,610.86,373149.94,1,67.61,76,2525.42,6377746.18,3,12,144,1,1,3,114.91,1,100,2415.72
"72",72,1,730,1,668.51,446905.62,1,44.38,481,1216.2,1479142.44,6,16,256,0,0,4,89.06,1,50,660.91
"73",73,0,0,0,164.06,26915.68,1,19.07,293,0,0,0,0,0,0,0,5,67.66,1,28,394.19
"74",74,1,730,1,421.5,177662.25,1,32.4,1445,1814.69,3293099.8,4,5,25,1,0,4,188.56,0,100,2800.89
"75",75,1,730,1,590.7,348926.49,1,40.84,132,2525.09,6376079.51,4,8,64,0,1,2,166.05,1,23,259.87
"76",76,1,501,0,514.2,264401.64,0,41.37,846,425.6,181135.36,5,11,121,0,0,6,37.71,1,63,1301.61
"77",77,0,0,0,58.96,3476.28,0,16.19,379,0,0,0,0,0,1,0,4,113.93,0,41,687.69
"78",78,1,730,1,565.95,320299.4,1,3.23,1172,1958.97,3837563.46,6,1,1,0,0,2,143.22,1,100,2340.53
"79",79,1,730,1,582.81,339667.5,0,55.79,1091,1025.38,1051404.14,2,14,196,1,0,2,57.78,1,25,363.09
"80",80,1,379,0,801.72,642754.96,1,41.65,71,1532.97,2349997.02,5,7,49,1,1,3,173.67,1,24,319.37
"81",81,1,730,1,372.18,138517.95,1,40.17,918,1221.92,1493088.49,3,8,64,0,1,3,119.85,1,37,414.87
"82",82,1,730,1,395.75,156618.06,0,35.54,995,2033.1,4133495.61,2,15,225,1,0,3,173.69,1,81,2337.88
"83",83,1,316,0,804.49,647204.16,1,20.91,841,1255.11,1575301.11,4,11,121,0,0,5,124.93,1,100,2204.58
"84",84,1,65,0,857.62,735512.06,0,35.69,207,491.55,241621.4,3,14,196,0,0,4,157.09,1,39,211.18
"85",85,1,730,1,393.67,154976.07,1,40.08,1172,1289.3,1662294.49,6,9,81,1,0,4,171.53,1,43,1292.4
"86",86,0,0,0,49.83,2483.03,1,35.66,1397,0,0,0,0,0,0,0,1,177.55,1,15,229.22
"87",87,0,0,0,248.33,61667.79,0,61.76,1377,0,0,0,0,0,1,0,6,86.43,1,28,202.33
"88",88,0,0,0,353.5,124962.25,1,41.23,682,0,0,0,0,0,0,0,4,70.83,1,83,1428.02
"89",89,1,228,0,795.44,632724.79,1,30.77,1184,1318.89,1739470.83,6,3,9,1,0,4,142.67,1,22,364.78
"90",90,0,0,0,447.82,200542.75,0,41.6,142,0,0,0,0,0,0,1,3,32.81,0,42,1033.82
"91",91,1,730,1,527.69,278456.74,1,59.63,972,604.7,365662.09,2,10,100,1,0,5,168.79,1,41,487.78
"92",92,1,261,0,866.66,751099.56,1,38.57,1597,2152,4631104,5,4,16,1,0,3,99.87,1,3,166.6
"93",93,0,0,0,449.35,201915.42,0,43.12,842,0,0,0,0,0,0,1,2,136.17,1,39,718.06
"94",94,1,730,1,495.24,245262.66,0,69.95,723,1203.49,1448388.18,3,12,144,0,0,2,134.12,1,40,420.41
"95",95,1,213,0,735.14,540430.82,1,50.1,1238,1291.06,1666835.92,3,2,4,0,0,4,192.2,1,10,404.9
"96",96,1,282,0,783.02,613120.32,0,41.6,1351,1407,1979649,6,10,100,0,0,6,83.7,1,98,2007.11
"97",97,1,730,1,655.41,429562.27,1,66.19,1033,1202.02,1444852.08,4,15,225,1,0,1,150.68,0,11,214.03
"98",98,1,730,1,489.41,239522.15,1,55.72,1056,1916.92,3674582.29,6,14,196,0,1,4,117.97,0,96,2430.71
"99",99,1,154,0,822.52,676539.15,1,67.4,270,903.47,816258.04,4,7,49,0,0,1,127.97,1,61,1074.75
"100",100,0,0,0,66.43,4412.94,0,48.54,125,0,0,0,0,0,0,0,2,107.54,1,33,356.37
"101",101,0,0,0,205.65,42291.92,0,51.07,237,0,0,0,0,0,0,0,5,145.52,1,73,1531.02
"102",102,1,730,1,559.2,312704.64,1,30.67,321,2159.84,4664908.83,5,9,81,0,0,5,144.99,0,86,2001.46
"103",103,1,730,1,460.86,212391.94,1,49.6,1078,1557.27,2425089.85,5,10,100,0,0,5,112.79,1,96,2419.12
"104",104,0,0,0,360.38,129873.74,1,40.99,1502,0,0,0,0,0,1,1,2,105.64,1,41,586.89
"105",105,1,564,0,519.95,270348,1,36.45,1321,570.6,325584.36,1,7,49,0,0,2,140.83,1,32,667.71
"106",106,1,78,0,945.68,894310.66,1,36.82,283,2507.88,6289462.09,4,2,4,1,0,4,94.07,0,56,1479.1
"107",107,0,0,0,361.19,130458.22,0,44.65,253,0,0,0,0,0,1,0,6,140.16,1,100,4257.57
"108",108,0,0,0,348.85,121696.32,1,24.62,338,0,0,0,0,0,0,0,2,57.57,1,87,1476.07
"109",109,1,730,1,590.75,348985.56,1,53.87,284,2174.76,4729581.06,2,15,225,1,1,2,134.57,1,94,2291.43
"110",110,0,0,0,122.22,14937.73,0,68.73,572,0,0,0,0,0,0,1,1,77.66,0,28,319.91
"111",111,1,268,0,857.57,735426.3,0,45.19,1769,1973.88,3896202.25,5,12,144,1,0,6,43.88,1,97,2283.8
"112",112,1,730,1,561.39,315158.73,0,55.88,1566,932.54,869630.85,3,15,225,1,0,3,64.61,1,77,2120.61
"113",113,1,228,0,757,573049,1,43.65,424,971.49,943792.82,6,2,4,0,0,1,158.24,0,18,437.93
"114",114,1,324,0,725.64,526553.41,0,52.39,736,1428.77,2041383.71,1,7,49,1,0,3,167.9,1,72,1470.22
"115",115,0,0,0,364.29,132707.2,0,40.68,1121,0,0,0,0,0,1,0,5,53.01,1,73,1635.94
"116",116,1,730,1,621.49,386249.82,0,45.32,291,938.65,881063.82,4,14,196,0,1,4,142.2,0,69,1978.59
"117",117,1,602,0,712.98,508340.48,1,33.7,327,1581.49,2501110.62,5,7,49,1,1,3,149.87,1,16,240.06
"118",118,1,275,0,572.68,327962.38,0,36.55,1391,471.52,222331.11,2,9,81,1,0,2,151.68,1,37,280.58
"119",119,0,0,0,678.12,459846.73,1,50.74,149,0,0,0,0,0,1,0,6,192.37,1,64,1355.96
"120",120,1,25,0,917.87,842485.34,1,30.11,1802,862.63,744130.52,4,2,4,0,1,5,179.64,1,97,2697.49
"121",121,0,0,0,482.6,232902.76,0,26.68,115,0,0,0,0,0,1,0,3,63.45,1,12,343.63
"122",122,1,730,1,712.77,508041.07,1,32.05,243,1666.4,2776888.96,1,15,225,0,0,1,160.84,0,27,816.17
"123",123,1,578,0,804.09,646560.73,0,57.46,158,1659.93,2755367.6,6,16,256,0,1,6,71.93,0,27,464.41
"124",124,1,730,1,457.62,209416.06,1,29.95,1707,1749.27,3059945.53,5,12,144,1,1,5,127.66,1,27,565.64
"125",125,0,0,0,184.12,33900.17,1,69.99,209,0,0,0,0,0,0,1,2,147.76,0,20,175.89
"126",126,1,730,1,632.6,400182.76,1,37.8,769,1655.71,2741375.6,1,9,81,1,0,6,179.65,0,71,1629.5
"127",127,1,730,1,723.45,523379.9,1,58.12,1354,1670.77,2791472.39,4,7,49,0,0,4,60.8,1,15,459.52
"128",128,0,0,0,396.58,157275.7,0,39.76,503,0,0,0,0,0,1,0,1,58.71,1,8,298.58
"129",129,1,216,0,746.63,557456.36,0,57.12,1689,1302.36,1696141.57,5,4,16,1,0,5,191.54,1,52,736.16
"130",130,1,191,0,702.54,493562.45,1,61.21,1028,432.44,187004.35,6,4,16,1,0,3,94.21,1,61,1947.89
"131",131,1,190,0,886.67,786183.69,1,69.97,38,1108.03,1227730.48,5,12,144,1,0,5,69.43,1,68,1051.62
"132",132,0,0,0,342.4,117237.76,1,50.89,167,0,0,0,0,0,0,0,2,130.24,1,24,331.44
"133",133,1,29,0,923.96,853702.08,0,53.56,1238,957.96,917687.36,3,8,64,0,0,2,182.67,1,57,901.78
"134",134,1,618,0,708.89,502525.03,0,26.94,878,1309.69,1715287.9,6,16,256,1,0,2,62.39,1,32,880.81
"135",135,0,0,0,143.13,20486.2,0,30.74,776,0,0,0,0,0,0,0,6,160.51,1,100,2618.42
"136",136,0,0,0,297.01,88214.94,1,44.21,377,0,0,0,0,0,1,0,5,200.08,1,100,2592.07
"137",137,1,730,1,548.13,300446.5,1,46.82,538,1188.26,1411961.83,4,11,121,1,0,6,95.09,1,100,2353.87
"138",138,0,0,0,209.04,43697.72,1,48.15,134,0,0,0,0,0,0,0,4,32.12,0,58,1534.64
"139",139,0,0,0,481.68,232015.62,1,26.5,590,0,0,0,0,0,0,0,6,142.78,1,44,794.83
"140",140,1,730,1,388.12,150637.13,1,43.44,1422,2041.13,4166211.68,1,16,256,1,0,3,68.36,1,100,2239.97
"141",141,0,0,0,498.77,248771.51,0,5.9,625,0,0,0,0,0,0,0,4,184.58,1,86,2019.3
"142",142,1,623,0,654.9,428894.01,0,33.21,855,1829.63,3347545.94,3,7,49,1,0,4,54.51,0,14,-30.33
"143",143,1,359,0,791.4,626313.96,1,43.35,1459,1148.83,1319810.37,2,14,196,1,1,3,171.76,1,100,2699.56
"144",144,1,388,0,796.35,634173.32,0,18.54,164,2373.36,5632837.69,5,9,81,0,0,6,102.03,1,100,2294.48
"145",145,0,0,0,471.13,221963.48,1,60.67,165,0,0,0,0,0,0,1,6,183.34,0,100,3506.81
"146",146,1,244,0,745.75,556143.06,1,48.52,731,710.46,504753.41,2,9,81,1,1,2,127.42,1,100,2061.45
"147",147,0,0,0,135.22,18284.45,0,57.92,1020,0,0,0,0,0,1,0,4,78.01,1,98,2146.28
"148",148,0,0,0,284.35,80854.92,1,45.67,1320,0,0,0,0,0,1,1,2,103.06,0,72,1998.24
"149",149,0,0,0,384.8,148071.04,1,28.03,242,0,0,0,0,0,0,0,4,45.44,1,26,307.31
"150",150,0,0,0,128.22,16440.37,0,59.11,201,0,0,0,0,0,0,0,4,114.76,0,53,791.65
"151",151,1,730,1,461.64,213111.49,0,57.13,1309,1300.65,1691690.42,2,8,64,0,0,5,57.23,1,45,581.5
"152",152,0,0,0,352.03,123925.12,0,63.64,344,0,0,0,0,0,0,0,5,106.82,1,85,1874.93
"153",153,1,24,0,932.63,869798.72,0,14.13,204,1585.74,2514571.35,6,5,25,0,1,2,48.23,1,13,2.44
"154",154,1,325,0,855.05,731110.5,1,57.48,370,1632.21,2664109.48,3,14,196,0,0,3,148.53,0,56,1156.02
"155",155,0,0,0,323.54,104678.13,0,51.62,368,0,0,0,0,0,0,0,4,109.36,0,27,541.51
"156",156,0,0,0,448.42,201080.5,1,26.73,303,0,0,0,0,0,0,1,3,73.8,1,20,59.69
"157",157,0,0,0,44.58,1987.38,0,44.54,1742,0,0,0,0,0,0,0,4,78.7,1,78,1928.51
"158",158,0,0,0,93.01,8650.86,1,43.08,1543,0,0,0,0,0,0,0,5,142.54,0,28,247.7
"159",159,1,38,0,821.34,674599.4,0,43.95,398,733.68,538286.34,3,5,25,0,0,6,51.18,1,82,1699.15
"160",160,0,0,0,271.19,73544.02,1,52.55,266,0,0,0,0,0,1,0,3,188.86,0,78,1449.85
"161",161,0,0,0,362.57,131457,0,52.18,761,0,0,0,0,0,0,0,5,91.12,1,27,207.11
"162",162,1,350,0,648.45,420487.4,1,47,875,737.38,543729.26,1,9,81,1,0,2,120.51,1,14,244.47
"163",163,0,0,0,378.17,143012.55,0,39.83,219,0,0,0,0,0,1,1,5,102.53,0,82,1646.04
"164",164,1,730,1,593.14,351815.06,0,31.94,532,1700.63,2892142.4,4,13,169,1,0,3,67.57,0,22,306.74
"165",165,1,730,1,688.62,474197.5,0,41.93,1454,2225.48,4952761.23,4,10,100,0,0,5,138.97,1,78,1478.71
"166",166,1,494,0,445.84,198773.31,0,14.79,929,765.53,586036.18,1,11,121,0,0,6,80.84,1,75,1812.49
"167",167,1,444,0,461.81,213268.48,0,40.78,910,1301.45,1693772.1,1,2,4,1,1,5,208.74,0,98,2179.81
"168",168,1,730,1,650.86,423618.74,0,42.08,248,1483.5,2200772.25,5,16,256,1,0,6,152.65,1,34,361.2
"169",169,1,730,1,558.93,312402.74,1,34.95,1051,1318.92,1739549.97,6,9,81,1,0,4,184.45,0,69,1517
"170",170,0,0,0,151.27,22882.61,0,50.95,896,0,0,0,0,0,0,0,3,82.36,1,37,347.19
"171",171,1,136,0,833,693889,0,47.61,706,839.06,704021.68,5,14,196,0,0,5,129.31,0,16,363.54
"172",172,0,0,0,254.59,64816.07,0,44.73,319,0,0,0,0,0,1,1,4,51.64,1,56,854.08
"173",173,0,0,0,266.72,71139.56,1,16.91,966,0,0,0,0,0,0,1,1,112.55,0,31,565.48
"174",174,0,0,0,646.09,417432.29,0,21.58,396,0,0,0,0,0,1,0,2,148.39,1,33,785.68
"175",175,1,107,0,897.95,806314.2,1,32.19,263,2198.82,4834809.39,3,4,16,0,1,5,89.23,1,37,637.03
"176",176,1,396,0,693.59,481067.09,1,26.76,863,1538.62,2367351.5,1,3,9,0,0,4,92.11,1,100,2151.57
"177",177,0,0,0,375.39,140917.65,0,43.64,580,0,0,0,0,0,0,0,5,77.72,1,78,2033.98
"178",178,1,730,1,594.34,353240.04,1,31.28,365,2213.31,4898741.16,3,6,36,1,0,1,72.49,1,35,469.73
"179",179,1,730,1,540.43,292064.58,1,52.42,1213,1317.29,1735252.94,2,9,81,0,0,2,174.35,1,58,1288.05
"180",180,0,0,0,321.5,103362.25,0,11.23,103,0,0,0,0,0,1,0,3,187.58,1,92,2725.03
"181",181,1,569,0,786.32,618299.14,1,25.6,1011,2000.48,4001920.23,1,12,144,0,1,3,164.21,1,89,2468.48
"182",182,1,711,0,733.84,538521.15,1,63.58,222,2357.54,5557994.85,1,4,16,0,0,3,144.56,1,38,737.44
"183",183,1,730,1,549.47,301917.28,1,51.56,1081,1292.99,1671823.14,2,4,16,0,0,1,120.77,1,51,704.19
"184",184,1,730,1,614.78,377954.45,1,43.27,878,2518.65,6343597.82,6,14,196,1,1,3,168.68,1,100,2034.18
"185",185,1,730,1,468.07,219089.52,1,61.79,746,1963.24,3854311.3,1,8,64,0,0,3,121.72,1,34,271.27
"186",186,1,730,1,579.12,335379.97,0,53.19,1446,1856.62,3447037.82,4,14,196,1,0,4,130.38,0,62,1356.68
"187",187,1,730,1,571.34,326429.4,1,64.66,1063,980.59,961556.75,1,14,196,1,0,3,171.93,0,51,1285.83
"188",188,1,209,0,895.36,801669.53,1,37.52,633,1749.26,3059910.55,5,12,144,0,0,2,83.1,0,13,211.81
"189",189,0,0,0,304.93,92982.3,1,9.45,347,0,0,0,0,0,0,0,2,171.09,1,28,252.05
"190",190,1,118,0,789.65,623547.12,0,56.91,1375,669.39,448082.97,2,8,64,0,0,3,146.73,1,80,2077.51
"191",191,1,308,0,684.77,468909.95,1,76.77,1276,769.75,592515.06,6,3,9,0,0,2,83.03,0,37,205.89
"192",192,1,561,0,647.93,419813.28,1,41.78,207,1324.67,1754750.61,1,8,64,0,0,1,157.88,1,47,1160.56
"193",193,1,730,1,648.5,420552.25,1,42.99,994,2833,8025889,6,16,256,1,0,1,156.34,1,32,580.96
"194",194,1,730,1,431,185761,1,33.75,920,1015.62,1031483.98,5,9,81,1,1,2,101.33,1,60,1886.7
"195",195,1,730,1,499.07,249070.86,1,74.97,161,2320.43,5384395.38,5,1,1,1,0,2,136.36,1,25,353.17
"196",196,0,0,0,345.34,119259.72,1,13.25,247,0,0,0,0,0,0,1,5,72.76,1,42,850.34
"197",197,0,0,0,173.98,30269.04,0,32.37,761,0,0,0,0,0,1,0,6,176.14,1,99,2969.39
"198",198,1,730,1,599.24,359088.58,0,72.25,28,1833.02,3359962.32,4,6,36,0,1,4,194.5,1,99,2327.15
"199",199,1,92,0,872.17,760680.51,1,16.68,844,1603.93,2572591.44,4,6,36,0,0,3,129.19,0,61,1769.6
"200",200,1,730,1,648.48,420526.31,1,37.23,684,1711.22,2928273.89,5,16,256,1,1,2,131.37,1,34,990.5
"201",201,0,0,0,251.51,63257.28,0,31.77,725,0,0,0,0,0,0,0,3,78.32,0,66,1274.02
"202",202,0,0,0,634.98,403199.6,1,33.27,224,0,0,0,0,0,1,0,6,146.03,1,100,2125.49
"203",203,0,0,0,480.08,230476.81,0,60.26,825,0,0,0,0,0,0,1,6,119.77,0,100,2229.54
"204",204,0,0,0,377.21,142287.38,1,56.93,744,0,0,0,0,0,0,0,5,98.79,1,60,1323.18
"205",205,1,730,1,560.38,314025.74,0,70.01,364,924.06,853886.88,6,15,225,1,0,4,85.85,1,28,487.31
"206",206,0,0,0,333.86,111462.5,1,31.82,217,0,0,0,0,0,1,1,4,199.94,1,74,1780.93
"207",207,1,730,1,565.11,319349.31,0,40.04,1553,2406.93,5793312.02,1,13,169,1,0,2,173.31,1,16,160.52
"208",208,0,0,0,388.25,150738.06,1,38.75,836,0,0,0,0,0,1,0,5,54.26,1,77,1452.18
"209",209,0,0,0,246.36,60693.25,1,26.86,1053,0,0,0,0,0,0,0,2,165.02,1,99,2221.63
"210",210,0,0,0,84.56,7150.39,1,29.8,450,0,0,0,0,0,1,0,5,104.29,1,45,969.38
"211",211,1,70,0,649.03,421239.94,0,42.86,1035,349.47,122129.28,2,2,4,1,0,2,57.75,0,16,143.82
"212",212,0,0,0,250.63,62815.4,1,43.46,1527,0,0,0,0,0,0,0,4,206.34,1,100,3562.45
"213",213,0,0,0,276.35,76369.32,1,32.06,646,0,0,0,0,0,1,0,1,176.53,1,86,1669.2
"214",214,0,0,0,446.97,199782.18,0,35.62,105,0,0,0,0,0,1,0,3,122.77,1,71,1329.62
"215",215,1,125,0,934.37,873047.3,1,21.07,276,2792.54,7798279.65,6,2,4,1,0,2,118.47,1,39,862.01
"216",216,1,730,1,695.48,483692.43,1,44.56,332,1902.12,3618060.49,6,13,169,1,0,1,62.15,1,8,391.83
"217",217,1,33,0,843.25,711070.56,1,7.42,1042,678.81,460783.02,1,5,25,0,1,4,123.18,1,72,1579.45
"218",218,0,0,0,309.77,95957.45,1,53.74,297,0,0,0,0,0,1,0,3,150.2,1,46,548.99
"219",219,1,229,0,680.46,463025.81,0,10.28,334,1297.32,1683039.18,2,9,81,0,1,5,96.13,0,44,513.91
"220",220,0,0,0,14.21,201.92,0,54.02,293,0,0,0,0,0,1,1,3,119.02,1,17,292.84
"221",221,1,288,0,762.64,581619.77,0,46,1675,1673.97,2802175.56,4,6,36,0,0,5,56,1,44,883.34
"222",222,0,0,0,429.31,184307.08,0,60.67,366,0,0,0,0,0,1,0,5,156.46,0,38,949.87
"223",223,1,730,1,309.59,95845.97,1,46.88,1261,880.02,774435.2,6,13,169,0,1,2,155.59,1,27,268.75
"224",224,0,0,0,387.49,150148.5,1,16.4,318,0,0,0,0,0,0,0,5,164.87,1,100,2586.72
"225",225,0,0,0,304.75,92872.56,0,51.75,247,0,0,0,0,0,1,0,3,141.23,1,62,849.74
"226",226,1,730,1,651.83,424882.35,0,50.87,259,2558.19,6544336.08,1,8,64,1,0,4,147.52,0,100,2430.24
"227",227,1,493,0,817.36,668077.37,1,27.09,289,1530.44,2342246.59,5,16,256,0,0,5,144.96,1,87,2062.82
"228",228,0,0,0,186.12,34640.65,1,12.54,370,0,0,0,0,0,0,0,4,95.24,1,42,206.32
"229",229,0,0,0,439.09,192800.03,1,49.89,134,0,0,0,0,0,0,0,1,109.88,1,1,17.47
"230",230,0,0,0,631.19,398400.82,0,13,103,0,0,0,0,0,1,1,3,81.24,1,31,369.52
"231",231,1,730,1,529.57,280444.38,1,27.39,856,1294.69,1676222.2,5,10,100,1,0,6,170.62,0,96,2004.46
"232",232,0,0,0,254.39,64714.27,1,9.78,951,0,0,0,0,0,1,1,2,78.59,1,22,438.57
"233",233,1,479,0,643.3,413834.89,1,52.51,650,1563.77,2445376.61,3,2,4,1,0,5,125.52,1,35,603.93
"234",234,0,0,0,291.17,84779.97,0,22.18,232,0,0,0,0,0,0,0,5,114.72,0,10,544.68
"235",235,1,448,0,546.41,298563.89,0,41.86,62,890.53,793043.68,5,4,16,0,0,4,171.77,1,36,355.54
"236",236,1,357,0,759.51,576855.44,1,40.14,1216,2419.36,5853302.81,2,1,1,0,0,5,174.37,0,30,407.74
"237",237,1,339,0,884.43,782216.42,1,25.21,287,1899.53,3608214.22,6,13,169,0,0,3,31.14,1,67,1256.04
"238",238,1,35,0,937.8,879468.84,0,67.87,1054,987.69,975531.54,5,7,49,1,1,4,99.97,1,89,2200.44
"239",239,1,730,1,600.2,360240.04,1,47.61,886,906.46,821669.73,3,14,196,0,0,4,177.97,1,42,650.84
"240",240,0,0,0,455.23,207234.35,1,65.31,203,0,0,0,0,0,0,0,3,168.28,0,62,1261.23
"241",241,1,730,1,385.29,148448.38,1,26.07,846,2146.29,4606560.76,4,7,49,1,0,1,182.52,0,19,578.99
"242",242,1,280,0,671.51,450925.68,1,14.47,325,1263.87,1597367.38,5,2,4,1,0,3,154.14,1,19,164.33
"243",243,1,371,0,742.75,551677.56,1,33.84,1329,1484.36,2203324.61,3,5,25,0,0,2,68.74,1,9,-8.52
"244",244,1,730,1,483.33,233607.89,1,39.48,853,919.29,845094.1,3,15,225,0,0,4,89.32,1,77,1932.03
"245",245,0,0,0,404.89,163935.91,1,54.43,577,0,0,0,0,0,0,0,2,140.27,1,46,1028.55
"246",246,0,0,0,228.16,52056.99,1,64.76,1189,0,0,0,0,0,1,0,3,123.04,1,15,228
"247",247,1,40,0,856.98,734414.72,0,46.45,1506,240.85,58008.72,1,11,121,0,1,1,203.66,1,32,449.63
"248",248,0,0,0,302.3,91385.29,1,49.98,1203,0,0,0,0,0,0,1,3,191.82,1,41,815.13
"249",249,1,730,1,534.85,286064.52,1,61.37,1224,1579.94,2496210.4,5,5,25,0,0,3,101.2,1,57,1206.76
"250",250,1,150,0,825.6,681615.36,1,26.55,1871,890.22,792491.65,2,10,100,0,0,2,85.61,1,71,1593.38
"251",251,0,0,0,109.84,12064.83,0,26.8,785,0,0,0,0,0,0,0,2,171.21,0,55,1457.12
"252",252,1,730,1,369.73,136700.27,1,22.96,961,1520.52,2311981.07,2,16,256,0,0,2,110.54,1,69,1279.11
"253",253,0,0,0,32.39,1049.11,0,35.5,666,0,0,0,0,0,1,0,2,130.79,1,29,146.9
"254",254,0,0,0,395.23,156206.75,1,28.18,64,0,0,0,0,0,1,0,4,172.23,1,100,2415.64
"255",255,0,0,0,196.69,38686.96,1,38.01,591,0,0,0,0,0,1,1,5,198.86,0,64,1475.91
"256",256,0,0,0,382.46,146275.65,0,30.86,82,0,0,0,0,0,1,1,4,156.49,1,23,305.48
"257",257,1,276,0,784.04,614718.72,1,28.07,305,1651.92,2728839.69,3,6,36,1,1,3,155.05,1,46,956.56
"258",258,0,0,0,238.08,56682.09,0,41.97,336,0,0,0,0,0,1,1,4,194.6,1,63,1665.61
"259",259,0,0,0,219.33,48105.65,1,32.39,915,0,0,0,0,0,1,0,4,105.69,0,33,537.22
"260",260,1,730,1,588.65,346508.82,0,71.56,921,1557.1,2424560.41,4,5,25,0,0,3,68.88,0,21,-80.84
"261",261,1,730,1,444.29,197393.6,0,27.1,627,2400.89,5764272.79,3,10,100,0,0,4,105.37,1,36,1067.43
"262",262,0,0,0,329.45,108537.3,0,28.1,701,0,0,0,0,0,0,0,3,66.65,1,26,322.53
"263",263,1,596,0,702.05,492874.2,1,28.76,167,2084.36,4344556.61,3,3,9,1,0,4,106.37,0,46,1200.86
"264",264,0,0,0,32.3,1043.29,0,52.12,912,0,0,0,0,0,0,0,5,105.21,1,95,2282.16
"265",265,0,0,0,418.22,174907.97,1,34.11,500,0,0,0,0,0,1,1,3,125.77,1,56,953.26
"266",266,0,0,0,296.98,88197.12,1,23.81,141,0,0,0,0,0,1,0,5,56.36,1,61,799.79
"267",267,1,638,0,690.53,476831.68,1,48.6,382,1268.92,1610157.97,5,10,100,1,0,5,158.89,1,55,746.89
"268",268,1,583,0,628.53,395049.96,1,11.79,533,1542.46,2379182.85,1,8,64,1,0,4,53.04,1,94,1477.08
"269",269,0,0,0,297.77,88666.97,0,37.73,1346,0,0,0,0,0,0,1,5,138.48,1,100,2389.05
"270",270,0,0,0,421.05,177283.1,1,37.48,259,0,0,0,0,0,0,0,5,43.11,1,90,2190.75
"271",271,0,0,0,236.55,55955.9,1,65.89,753,0,0,0,0,0,1,1,3,166.59,0,86,2071.07
"272",272,0,0,0,134.22,18015.01,0,32.98,265,0,0,0,0,0,0,0,4,104.63,0,8,238.2
"273",273,1,190,0,832.66,693322.68,1,28.99,434,1880.9,3537784.81,2,9,81,0,0,3,111.94,1,67,1398.91
"274",274,1,367,0,728.74,531061.99,0,43.7,377,1364.36,1861478.21,4,11,121,1,0,5,102.62,1,86,2280.86
"275",275,0,0,0,302.76,91663.62,0,20.47,169,0,0,0,0,0,0,1,1,25.45,1,14,159.12
"276",276,1,730,1,738.21,544954,1,60.38,368,1002.03,1004064.12,4,16,256,1,0,4,127.09,1,89,2289.38
"277",277,1,730,1,448.65,201286.82,0,59.31,1655,1439.12,2071066.37,5,2,4,1,1,6,29.23,1,100,2855.14
"278",278,1,709,0,612.32,374935.78,1,29.2,1259,1113.35,1239548.22,6,4,16,1,1,2,101.77,1,32,292.47
"279",279,0,0,0,313.95,98564.6,1,30.52,1422,0,0,0,0,0,0,1,2,79.3,1,44,668.94
"280",280,1,646,0,630.29,397265.48,1,26.79,642,1359.71,1848811.28,3,6,36,0,1,2,62.79,1,89,1504.51
"281",281,0,0,0,455.07,207088.7,1,59.55,387,0,0,0,0,0,1,0,3,206.89,1,57,1351.68
"282",282,1,215,0,872.52,761291.15,1,48.19,966,2476.22,6131665.49,4,3,9,0,0,3,138.93,1,78,1482.57
"283",283,0,0,0,334.46,111863.49,0,63.28,118,0,0,0,0,0,0,1,1,103,0,35,235.34
"284",284,0,0,0,139.63,19496.54,1,70.21,380,0,0,0,0,0,0,1,3,125.76,1,35,292.96
"285",285,1,730,1,525.99,276665.48,1,35.84,871,709.73,503716.67,6,5,25,0,1,3,56.15,1,19,50.06
"286",286,1,143,0,784.2,614969.64,1,54.53,861,1105.32,1221732.3,2,2,4,0,0,4,96.98,1,58,616.38
"287",287,1,730,1,582.23,338991.77,0,57.97,42,1493.14,2229467.06,6,14,196,0,0,4,108.35,0,73,1941.08
"288",288,0,0,0,111.78,12494.77,0,62.8,1357,0,0,0,0,0,0,0,3,71,0,32,432.28
"289",289,0,0,0,338.26,114419.83,1,37.21,1117,0,0,0,0,0,0,0,4,82.25,1,40,591.5
"290",290,0,0,0,476.37,226928.38,1,28.38,478,0,0,0,0,0,1,0,3,172.05,1,74,1417.67
"291",291,1,730,1,650.04,422552,1,41.1,690,969.98,940861.2,1,14,196,1,0,4,52.46,1,73,1835.32
"292",292,1,216,0,843.65,711745.32,0,48.98,1039,2927.74,8571661.51,1,2,4,0,0,1,161.2,1,60,1122.81
"293",293,0,0,0,190.88,36435.17,0,37.32,407,0,0,0,0,0,1,1,3,169.74,1,42,345.17
"294",294,0,0,0,398.89,159113.23,1,17.88,41,0,0,0,0,0,0,1,2,202.68,1,37,536.6
"295",295,1,730,1,632.41,399942.41,1,11.03,84,1829.93,3348643.8,5,13,169,1,0,4,204.01,1,65,1495.75
"296",296,0,0,0,421.01,177249.42,1,21.34,990,0,0,0,0,0,1,1,6,141.04,0,47,395.55
"297",297,0,0,0,352.18,124030.75,1,37.76,458,0,0,0,0,0,1,0,4,173.06,1,82,2417.36
"298",298,0,0,0,237.68,56491.78,0,38.61,1030,0,0,0,0,0,0,0,2,167.17,1,54,1048.92
"299",299,1,338,0,531.76,282768.7,0,49.38,336,779,606841,4,4,16,1,0,5,77.61,1,76,900.2
"300",300,1,422,0,763.2,582474.24,1,64.95,349,836.58,699866.1,2,14,196,0,0,1,83.22,1,30,558.63
"301",301,1,696,0,618.12,382072.33,1,48.69,125,912.12,831962.89,3,8,64,1,1,2,120.23,1,24,237.85
"302",302,1,55,0,878.77,772236.71,1,37.09,660,1536.52,2360893.71,2,2,4,0,0,4,94.35,0,15,135.39
"303",303,0,0,0,727,528529,1,17.22,4,0,0,0,0,0,1,0,2,189.02,1,29,242.32
"304",304,0,0,0,289.9,84042.01,1,23.4,617,0,0,0,0,0,1,0,6,41.86,1,38,636.74
"305",305,0,0,0,161.23,25995.11,0,47.92,260,0,0,0,0,0,1,0,2,105.39,1,1,148.66
"306",306,1,730,1,395.61,156507.27,0,38.93,695,1979.02,3916520.16,3,6,36,0,1,4,155.08,1,43,645.37
"307",307,1,449,0,875.29,766132.58,1,54.68,1255,2435.22,5930296.45,3,13,169,1,0,5,110.59,1,93,1538.49
"308",308,1,613,0,664.07,440988.96,0,2.35,1256,1700.16,2890544.03,3,12,144,1,1,3,89.53,0,46,963.02
"309",309,1,5,0,963.68,928679.14,0,15.61,245,351.38,123467.9,2,7,49,0,0,4,76.68,0,34,617.8
"310",310,1,149,0,761.74,580247.83,1,26.46,175,1495.15,2235473.52,1,2,4,1,0,3,154.33,1,30,683.95
"311",311,0,0,0,402.82,162263.95,0,36.05,351,0,0,0,0,0,1,0,4,141.29,0,57,1185.65
"312",312,1,697,0,601.01,361213.02,1,18.03,669,1338.98,1792867.44,1,9,81,1,1,5,171.77,1,30,575.31
"313",313,1,730,1,676.63,457828.16,1,41.27,354,2507.33,6286703.73,3,4,16,1,0,1,82.6,0,24,608.41
"314",314,1,730,1,564.29,318423.2,1,32.26,1100,1108.31,1228351.06,5,7,49,0,0,5,130.32,1,58,1252.81
"315",315,0,0,0,464.14,215425.94,1,47.24,625,0,0,0,0,0,0,0,4,126.14,0,46,546.03
"316",316,1,357,0,560.71,314395.7,0,43.62,308,594.88,353882.21,1,11,121,1,0,4,141.02,1,68,2247.36
"317",317,1,730,1,567.23,321749.87,1,70.35,911,1773.54,3145444.13,4,9,81,0,0,6,131.36,1,10,145.25
"318",318,1,730,1,676.37,457476.38,0,63.8,877,1634.23,2670707.69,2,15,225,0,0,2,67.31,0,13,490.12
"319",319,1,730,1,487.54,237695.25,1,57.66,293,1314.2,1727121.64,2,7,49,0,0,5,86.81,1,50,1254.84
"320",320,1,730,1,703.52,494940.39,0,33.05,1419,1829.87,3348424.22,5,11,121,0,0,3,139.59,1,36,817.39
"321",321,1,730,1,579.14,335403.14,1,38.37,1600,1845.1,3404394.01,4,13,169,0,0,2,46.98,1,30,339.9
"322",322,1,725,0,657.85,432766.62,0,52.64,112,1466.2,2149742.44,1,16,256,1,0,5,164.89,0,38,307.37
"323",323,1,730,1,481.52,231861.51,1,62.84,82,1419.85,2015974.02,2,15,225,1,0,4,63.58,1,93,1560.06
"324",324,0,0,0,484.3,234546.49,0,39.95,371,0,0,0,0,0,1,0,2,186.24,1,22,700.8
"325",325,1,730,1,639.49,408947.46,1,12.73,299,697.69,486771.34,5,16,256,1,0,5,211.83,1,100,2610.61
"326",326,1,244,0,571.95,327126.8,0,54.2,1434,712.48,507627.75,1,4,16,0,0,3,125.24,1,11,258.61
"327",327,1,709,0,519.44,269817.91,0,25.13,1546,1880.31,3535565.7,4,1,1,0,0,3,113.7,1,37,218.75
"328",328,1,147,0,893.53,798395.86,0,14.1,240,2396.2,5741774.44,3,12,144,1,0,5,166.84,1,100,2477.44
"329",329,1,730,1,411.36,169217.05,1,45.55,704,1307.91,1710628.57,3,13,169,1,0,3,142.23,0,100,2613.46
"330",330,1,730,1,792.93,628737.98,0,52.68,166,2322.42,5393634.66,5,15,225,1,0,5,53.21,1,76,2058.32
"331",331,1,730,1,451.42,203780.02,1,33.79,987,1057.11,1117481.55,5,5,25,1,0,3,107.47,0,100,2349.25
"332",332,1,464,0,630.71,397795.1,1,48.79,841,1436.62,2063877.02,4,1,1,0,0,4,88.86,1,44,630.95
"333",333,0,0,0,361.35,130573.82,1,32.43,1025,0,0,0,0,0,0,0,5,55.08,0,89,2179.69
"334",334,0,0,0,173.05,29946.3,0,60.28,159,0,0,0,0,0,0,0,6,171.22,0,100,3014.43
"335",335,0,0,0,259.14,67153.54,0,19.94,1247,0,0,0,0,0,1,1,3,94.19,1,11,256.41
"336",336,0,0,0,474.95,225577.5,1,14.79,313,0,0,0,0,0,1,1,5,198.09,0,96,1984.78
"337",337,1,730,1,501.74,251743.03,0,34.08,1286,1952.07,3810577.28,6,7,49,0,0,3,194.63,1,17,579.42
"338",338,1,342,0,497.72,247725.2,1,61.71,1238,760.55,578436.3,1,1,1,0,1,3,41.51,0,1,31.49
"339",339,0,0,0,51.21,2622.46,1,50.13,135,0,0,0,0,0,0,0,5,142.62,0,39,893.56
"340",340,1,730,1,528.82,279650.59,1,35.61,1950,1688.91,2852416.99,6,12,144,0,1,3,180.82,1,24,325.12
"341",341,0,0,0,389.97,152076.6,0,30.93,264,0,0,0,0,0,1,0,2,93.19,1,9,105.84
"342",342,1,195,0,699.99,489986,0,23.44,1083,733.2,537582.24,6,7,49,0,0,2,127.33,1,38,362.37
"343",343,1,730,1,589.66,347698.92,0,48.9,587,1447.24,2094503.62,2,15,225,1,0,1,166.83,1,27,260
"344",344,1,215,0,840.81,706961.46,0,30.31,56,1993.98,3975956.24,4,10,100,1,0,4,198.08,1,100,2502.74
"345",345,1,730,1,590.72,348950.12,0,22.81,1645,2893.44,8371995.03,1,14,196,0,1,2,53.87,1,11,702.86
"346",346,1,381,0,813.78,662237.89,1,46.73,673,1561.82,2439281.71,5,11,121,1,0,5,88.54,0,96,2436.58
"347",347,0,0,0,542.77,294599.27,0,43.93,102,0,0,0,0,0,1,0,2,106.51,0,17,267.15
"348",348,1,730,1,523.46,274010.37,0,37.14,156,2467.04,6086286.36,2,1,1,0,1,4,156.27,1,96,2411.24
"349",349,1,172,0,786.94,619274.56,0,37.12,281,1253.75,1571889.06,1,15,225,1,0,2,160.37,1,94,2322.73
"350",350,1,730,1,544.14,296088.34,1,13.19,281,1254.87,1574698.72,3,9,81,0,1,2,157.78,1,100,2245.56
"351",351,0,0,0,85.4,7293.16,1,36.43,332,0,0,0,0,0,1,0,5,187.67,1,100,2515.56
"352",352,1,108,0,741.78,550237.57,1,51.72,261,382.33,146176.23,5,1,1,0,1,5,164.63,0,45,630.15
"353",353,0,0,0,414.49,171801.96,1,47.64,667,0,0,0,0,0,1,0,4,64.79,0,33,212.92
"354",354,1,730,1,516.97,267257.98,0,53.78,167,1349.57,1821339.18,3,16,256,1,0,1,77.06,0,17,335.73
"355",355,1,730,1,547.89,300183.45,0,43.48,737,1599.8,2559360.04,6,13,169,0,0,5,71.17,0,40,502.24
"356",356,1,107,0,864.66,747636.92,1,60.34,270,404.82,163879.23,1,16,256,1,0,4,96.37,1,9,177.94
"357",357,0,0,0,254.55,64795.7,1,51.91,398,0,0,0,0,0,0,0,4,144.06,1,100,2436.61
"358",358,0,0,0,255.88,65474.57,1,13.16,387,0,0,0,0,0,0,0,3,182,0,23,356.67
"359",359,1,730,1,294.62,86800.94,1,53.79,1462,1976.06,3904813.12,4,11,121,0,0,2,111.33,1,45,971.11
"360",360,1,284,0,686.79,471680.5,0,10.97,854,1458.38,2126872.22,2,12,144,0,0,2,225.77,1,67,1469.88
"361",361,0,0,0,352.27,124094.15,0,55.46,322,0,0,0,0,0,1,0,3,143.16,1,76,1204.77
"362",362,0,0,0,383.71,147233.36,1,38.08,616,0,0,0,0,0,1,1,4,158.18,1,100,2574.35
"363",363,0,0,0,378.53,143284.96,0,37.96,356,0,0,0,0,0,0,1,2,65.2,1,6,280.97
"364",364,1,730,1,706.24,498774.94,1,19.94,743,2582.67,6670184.33,4,4,16,0,0,6,189.15,0,70,1725.02
"365",365,1,730,1,403.09,162481.55,1,32.63,1197,1410.9,1990638.81,6,2,4,1,0,5,91.58,0,22,786.3
"366",366,1,557,0,592.93,351565.98,1,56.83,505,1736.61,3015814.29,2,1,1,0,0,5,136.59,1,100,2587.59
"367",367,1,295,0,586.71,344228.62,0,28.06,945,1052.58,1107924.66,5,5,25,1,0,2,29.52,0,1,-14.72
"368",368,1,128,0,891.47,794718.76,0,33.69,594,1664.89,2771858.71,4,16,256,0,0,4,218.84,1,52,1022.77
"369",369,1,730,1,726.93,528427.22,1,8.01,468,1650.51,2724183.26,3,15,225,0,0,5,185.97,1,33,286.6
"370",370,1,730,1,515.69,265936.18,1,36.52,637,1266.16,1603161.15,3,6,36,1,1,3,97.62,0,26,539.63
"371",371,0,0,0,315.53,99559.18,0,39.45,373,0,0,0,0,0,1,1,5,87.56,1,56,893.55
"372",372,1,189,0,772.57,596864.4,0,27.01,106,2084.59,4345515.47,2,6,36,1,0,6,157.46,0,100,3015.62
"373",373,1,530,0,608.07,369749.12,1,38.1,331,1442.55,2080950.5,1,3,9,1,1,5,72.08,0,90,2229.67
"374",374,0,0,0,179.24,32126.98,0,59.91,1270,0,0,0,0,0,1,0,4,127.03,0,23,426.09
"375",375,0,0,0,359.4,129168.36,0,57.69,640,0,0,0,0,0,1,0,4,130.31,1,66,1472.5
"376",376,0,0,0,192.52,37063.95,1,49.47,327,0,0,0,0,0,0,0,4,172.35,1,71,1364.2
"377",377,0,0,0,182.63,33353.72,1,66.25,349,0,0,0,0,0,0,0,3,153.8,0,14,128.75
"378",378,1,730,1,343.15,117751.92,1,47.91,951,938.88,881495.65,1,12,144,1,0,5,137.36,1,76,1843.99
"379",379,1,279,0,900.03,810054,0,61.67,1489,1560.79,2436065.42,6,16,256,0,0,2,129.96,1,58,1166.72
"380",380,1,730,1,549.43,301873.32,0,17.06,1124,1611.42,2596674.42,3,11,121,0,1,3,90.19,1,79,1720.83
"381",381,1,202,0,595.46,354572.61,0,36.62,1168,723.16,522960.39,1,5,25,1,0,2,117.19,0,28,452.22
"382",382,0,0,0,278.58,77606.82,1,33.73,422,0,0,0,0,0,0,0,2,153.47,1,32,613.04
"383",383,0,0,0,327.88,107505.29,1,15.05,469,0,0,0,0,0,1,0,3,72.66,1,98,2010.5
"384",384,1,730,1,434.13,188468.86,1,66,1032,1893.19,3584168.38,3,7,49,0,0,5,199.68,1,51,990.99
"385",385,1,164,0,560.25,313880.06,0,52.74,658,688.21,473633,2,2,4,0,0,6,133.21,1,50,801.02
"386",386,1,730,1,679.19,461299.06,1,56.39,1160,2476.5,6133052.25,4,1,1,0,0,2,137.76,0,9,311.62
"387",387,1,28,0,951.18,904743.39,1,12.27,740,1053.86,1110620.9,5,6,36,1,0,5,193.71,1,94,3101.48
"388",388,0,0,0,318.45,101410.4,1,40.03,579,0,0,0,0,0,1,1,3,210.45,1,100,2351.29
"389",389,0,0,0,486.27,236458.51,1,38.08,638,0,0,0,0,0,1,0,3,55.12,1,68,1415.07
"390",390,1,34,0,918.31,843293.26,1,27.43,1157,1360.8,1851776.64,1,4,16,0,0,4,137.66,1,71,1259.99
"391",391,1,470,0,491.65,241719.72,1,23.76,806,931.24,867207.94,6,1,1,0,0,2,131.67,1,33,1015.39
"392",392,1,630,0,552.91,305709.47,1,49.77,1067,553.74,306627.99,3,6,36,0,0,4,181.65,1,100,2228.62
"393",393,1,329,0,800.59,640944.35,0,11.65,261,1948.19,3795444.28,6,14,196,1,0,1,110.66,1,18,156.59
"394",394,0,0,0,160.34,25708.92,0,12.1,499,0,0,0,0,0,1,0,6,100.8,0,96,1808.53
"395",395,1,387,0,664.84,442012.23,1,50.98,1235,1319.13,1740103.96,6,2,4,0,0,3,114.37,1,71,1608.19
"396",396,0,0,0,259.08,67122.45,0,63.98,735,0,0,0,0,0,1,1,5,64.86,1,40,722.74
"397",397,1,730,1,479.67,230083.31,1,59.75,1559,1765.51,3117025.56,3,1,1,0,0,3,179.11,1,36,207.08
"398",398,1,730,1,468.71,219689.06,0,53.68,714,1589.48,2526446.67,3,16,256,0,1,3,54.21,1,42,512.79
"399",399,0,0,0,135.94,18479.68,1,67.21,1647,0,0,0,0,0,1,1,2,164.24,1,63,1725.8
"400",400,0,0,0,150.57,22671.32,1,7.22,329,0,0,0,0,0,1,0,2,95.97,1,51,258.14
"401",401,0,0,0,140.2,19656.04,0,44.62,599,0,0,0,0,0,0,1,3,63.69,1,59,1253.1
"402",402,1,730,1,568.95,323704.1,1,33.39,927,1679.59,2821022.57,2,10,100,0,0,4,218.94,0,100,2905.17
"403",403,0,0,0,440.53,194066.68,1,39.33,133,0,0,0,0,0,1,1,1,167.15,0,25,643.15
"404",404,0,0,0,375.5,141000.25,0,43.49,479,0,0,0,0,0,0,0,6,198.8,1,82,2778.68
"405",405,0,0,0,331.38,109812.7,1,41.93,1648,0,0,0,0,0,0,0,3,130.35,1,19,330.94
"406",406,1,730,1,540.34,291967.32,1,22.69,134,1189.4,1414672.36,1,10,100,0,1,5,119.36,0,56,1305.02
"407",407,1,48,0,968.06,937140.16,1,30.46,244,1786.46,3191439.33,5,6,36,1,0,3,73.08,0,42,769.4
"408",408,1,546,0,645.29,416399.18,1,29.25,1239,1103.04,1216697.24,6,7,49,1,0,6,69.39,1,100,2417.24
"409",409,0,0,0,269.09,72409.43,1,43.67,639,0,0,0,0,0,1,0,3,162.7,1,50,593.92
"410",410,1,435,0,743.67,553045.07,0,43.36,1300,2067.61,4275011.11,4,5,25,0,0,5,159.9,0,23,408.54
"411",411,1,730,1,494.29,244322.6,1,47.56,675,2068.89,4280305.83,6,15,225,0,0,6,122.06,0,86,2207.75
"412",412,0,0,0,354.52,125684.43,0,73.75,730,0,0,0,0,0,0,1,3,106.49,1,53,1214.93
"413",413,1,730,1,689.88,475934.41,1,60.88,321,1465.44,2147514.39,3,11,121,0,0,4,165.47,0,78,1831.54
"414",414,1,348,0,704.76,496686.66,0,27.61,338,1365.29,1864016.78,2,13,169,0,1,2,127.21,0,13,165.27
"415",415,0,0,0,366.5,134322.25,0,56.63,94,0,0,0,0,0,0,0,3,191.03,1,93,2167.81
"416",416,1,540,0,743.62,552970.7,0,69.29,116,1278.46,1634459.97,2,16,256,1,0,6,105.66,0,44,403.65
"417",417,1,177,0,813.9,662433.21,1,43.06,257,805.99,649619.88,2,12,144,1,0,4,66.65,0,57,1594.7
"418",418,1,27,0,900.9,811620.81,1,32.23,944,726.11,527235.73,2,3,9,1,0,2,164.89,1,7,309.16
"419",419,0,0,0,255.58,65321.14,1,55.82,1546,0,0,0,0,0,0,0,2,169.9,1,45,425.79
"420",420,1,730,1,553.28,306118.76,0,23.68,1064,2088.58,4362166.42,1,8,64,0,0,5,107.83,1,33,223.14
"421",421,0,0,0,405.83,164697.99,1,50.97,645,0,0,0,0,0,1,1,4,170.9,0,43,575.1
"422",422,1,455,0,739.65,547082.12,1,47.47,801,2280.05,5198628,4,2,4,0,0,5,34.71,1,53,808.79
"423",423,0,0,0,415.36,172523.93,0,62.8,204,0,0,0,0,0,0,0,2,173.79,1,75,1799.38
"424",424,0,0,0,228.49,52207.68,0,7.86,203,0,0,0,0,0,1,0,3,190.03,1,73,1365.45
"425",425,1,364,0,699.89,489846.01,1,28.15,368,1437.02,2065026.48,2,7,49,1,0,2,106.07,1,35,317.13
"426",426,1,143,0,813.31,661473.16,0,50.07,768,1725.6,2977695.36,1,7,49,0,1,2,170.61,1,32,430.76
"427",427,1,724,0,574.45,329992.8,1,68.75,136,1603.51,2571244.32,4,1,1,1,0,4,38.64,1,20,505.48
"428",428,1,730,1,512.24,262389.82,1,35.79,1726,1839.41,3383429.15,3,1,1,0,0,3,76.28,0,18,410.46
"429",429,0,0,0,162.48,26399.75,1,42.49,59,0,0,0,0,0,1,0,3,139.65,1,35,591.43
"430",430,0,0,0,204.47,41807.98,0,60.27,289,0,0,0,0,0,1,0,4,162.41,0,30,475.45
"431",431,0,0,0,154.58,23894.98,0,64.89,452,0,0,0,0,0,1,0,1,123.58,0,50,899.83
"432",432,1,730,1,554.46,307425.89,1,8.04,206,1994.47,3977910.58,4,12,144,1,0,1,150.12,1,22,494.08
"433",433,1,431,0,707.92,501150.73,1,22.08,249,1710.97,2927418.34,3,4,16,1,1,1,134.56,1,30,310.65
"434",434,0,0,0,349,121801,1,42.06,761,0,0,0,0,0,1,0,3,134.54,1,38,292.26
"435",435,1,729,0,702.5,493506.25,0,52.73,100,1474.78,2174976.05,3,16,256,1,0,5,170.92,1,100,3201.42
"436",436,0,0,0,190.63,36339.8,0,32.8,855,0,0,0,0,0,1,1,4,168.33,1,91,2563.05
"437",437,1,207,0,726.22,527395.49,0,27.26,125,1070.3,1145542.09,1,14,196,0,0,2,95.26,1,56,1372.15
"438",438,0,0,0,319.13,101843.96,1,23.45,133,0,0,0,0,0,0,0,2,58.97,1,44,994.4
"439",439,0,0,0,203.67,41481.47,0,43.54,1239,0,0,0,0,0,0,0,6,59.85,1,79,1898.89
"440",440,0,0,0,515.5,265740.25,1,69.76,82,0,0,0,0,0,0,0,6,175.11,0,30,256.91
"441",441,0,0,0,438.92,192650.77,1,34.03,619,0,0,0,0,0,1,0,1,108.3,1,39,424.81
"442",442,0,0,0,398.37,158698.66,1,29.21,382,0,0,0,0,0,0,0,4,172.63,1,46,1414.72
"443",443,1,118,0,890.25,792545.06,1,60.76,243,974.73,950098.57,2,11,121,1,0,3,24.66,1,34,218.7
"444",444,0,0,0,434.07,188416.76,1,20.51,328,0,0,0,0,0,1,0,4,134.08,0,39,267.16
"445",445,0,0,0,552.99,305797.94,1,20.56,11,0,0,0,0,0,1,0,6,179.5,1,38,1041.25
"446",446,1,167,0,764.9,585072.01,0,23.48,1000,1969.53,3879048.42,5,1,1,0,1,1,51.31,1,31,356.72
"447",447,0,0,0,368.16,135541.79,0,38.24,209,0,0,0,0,0,0,1,4,187.53,0,100,2587.82
"448",448,1,655,0,624.17,389588.19,0,47.63,192,1572.62,2473133.66,6,4,16,0,0,1,160.29,1,30,418.46
"449",449,1,730,1,684.84,469005.83,0,73.71,260,1851.78,3429089.17,1,16,256,1,0,1,87.49,0,20,188.64
"450",450,0,0,0,260.11,67657.21,1,16.25,398,0,0,0,0,0,1,0,3,136.71,1,100,2275.37
"451",451,0,0,0,711.33,505990.37,1,6.16,116,0,0,0,0,0,0,0,5,101.21,0,57,638.68
"452",452,0,0,0,38.66,1494.6,1,50.21,1149,0,0,0,0,0,1,0,4,126.65,1,100,2386.86
"453",453,1,299,0,716.6,513515.56,1,42.85,395,1328.47,1764832.54,3,2,4,0,0,1,81.56,0,48,888.15
"454",454,0,0,0,297.18,88315.95,1,43.87,142,0,0,0,0,0,1,1,5,174.05,0,100,2264.46
"455",455,1,730,1,572.48,327733.35,1,29.93,248,1762.55,3106582.5,5,10,100,1,0,5,191.98,0,100,2910.35
"456",456,1,125,0,929.6,864156.16,0,43.2,23,1407.39,1980746.61,5,15,225,1,1,2,177.97,1,45,712.05
"457",457,1,730,1,474.63,225273.64,1,25.01,1060,2595.97,6739060.24,5,10,100,1,0,5,120.04,1,37,630.55
"458",458,0,0,0,512.97,263138.22,1,12.55,254,0,0,0,0,0,1,1,6,144.42,1,84,2295.97
"459",459,1,478,0,465.32,216522.7,0,65.29,452,190.12,36145.61,3,7,49,0,1,4,91.93,1,1,178.95
"460",460,1,730,1,725.03,525668.5,1,67.89,346,2488.58,6193030.42,1,10,100,1,0,1,223.27,1,10,544.79
"461",461,0,0,0,455.48,207462.03,0,25,278,0,0,0,0,0,1,1,6,165.57,1,69,1464.4
"462",462,0,0,0,362.65,131515.02,0,21.79,508,0,0,0,0,0,0,0,1,110.36,0,14,742.6
"463",463,1,213,0,791.92,627137.29,0,10.54,80,1864.84,3477628.23,4,12,144,1,1,3,64.19,1,33,591.72
"464",464,1,730,1,678.88,460878.05,1,38.61,1661,1811.91,3283017.85,6,6,36,1,0,6,211.27,0,31,343.97
"465",465,0,0,0,362.75,131587.56,1,37.27,1009,0,0,0,0,0,0,0,1,126.31,0,12,168.55
"466",466,1,730,1,500.68,250680.46,1,22.75,1968,2518.15,6341079.42,6,14,196,0,1,6,54.19,1,99,2301.65
"467",467,1,730,1,449.01,201609.98,0,19.95,779,2312.15,5346037.62,1,3,9,1,0,2,146.13,0,42,670.43
"468",468,0,0,0,462.03,213471.72,1,16,653,0,0,0,0,0,1,0,2,151.88,1,69,1144.35
"469",469,1,145,0,820.32,672924.9,0,60.16,728,1446.61,2092680.49,4,7,49,1,0,6,129.72,1,100,2944.97
"470",470,1,534,0,585.66,342997.64,0,48.48,1099,759.56,576931.39,2,13,169,0,0,2,79.18,1,17,135.85
"471",471,1,557,0,786.57,618692.36,1,22.67,602,1606.58,2581099.3,5,14,196,0,0,1,156.93,1,36,263.12
"472",472,0,0,0,360.14,129700.82,1,40.37,78,0,0,0,0,0,0,0,4,111.74,1,32,314.34
"473",473,1,300,0,702.2,493084.84,1,41.42,1371,628.84,395439.75,4,8,64,1,0,2,125.31,1,30,381.4
"474",474,1,199,0,654.98,428998.8,0,69.96,366,293.99,86430.12,6,5,25,0,0,4,112.24,1,18,274.1
"475",475,0,0,0,335.3,112426.09,1,41.01,77,0,0,0,0,0,1,0,2,185.05,0,23,529.43
"476",476,1,630,0,880.88,775949.57,1,14.64,939,2578.9,6650725.21,4,16,256,1,0,3,130.31,1,95,2362.75
"477",477,0,0,0,531.12,282088.45,1,28.96,365,0,0,0,0,0,0,0,5,77.21,1,100,2445.44
"478",478,1,305,0,698.85,488391.32,1,26.57,1300,978.26,956992.63,3,8,64,0,0,6,49.46,1,52,912.69
"479",479,1,53,0,910.03,828154.6,0,35.51,193,1480.28,2191228.88,1,14,196,0,0,6,19.17,1,41,71.14
"480",480,1,730,1,433.62,188026.3,1,40.12,1577,2401.6,5767682.56,2,11,121,0,0,5,27.55,1,22,-27.35
"481",481,0,0,0,382.32,146168.58,0,56.51,264,0,0,0,0,0,0,0,4,184.89,0,61,1277.83
"482",482,1,730,1,586.61,344111.29,1,35.66,355,1508.16,2274546.59,2,3,9,0,1,5,98.01,0,59,1673.05
"483",483,0,0,0,444.61,197678.05,1,40.42,452,0,0,0,0,0,1,0,1,78.28,1,9,-40.55
"484",484,1,730,1,523.1,273633.61,1,56.36,320,2526.72,6384313.96,3,12,144,1,0,2,157.34,1,100,2286.87
"485",485,1,730,1,357.78,128006.53,1,23.53,1027,2712.48,7357547.75,2,13,169,0,1,6,105.28,1,99,2327.86
"486",486,1,701,0,719.61,517838.55,0,59.97,1731,1460.64,2133469.21,5,11,121,1,1,1,166.58,1,31,302.92
"487",487,1,730,1,593.44,352171.03,1,45.08,379,1324.62,1754618.14,4,8,64,0,0,4,136.54,1,22,601.42
"488",488,1,289,0,840.3,706104.09,0,35.95,337,1683.83,2835283.47,6,12,144,1,1,4,111.76,0,53,1156.55
"489",489,1,315,0,753.13,567204.8,0,58.85,745,1214.99,1476200.7,1,12,144,0,0,3,190.47,0,42,1029.71
"490",490,1,730,1,616.2,379702.44,1,49.51,431,1513.21,2289804.5,2,14,196,0,0,5,94.14,1,45,934.52
"491",491,0,0,0,405.59,164503.25,1,57.21,202,0,0,0,0,0,0,0,6,134.09,1,100,2940.89
"492",492,0,0,0,74.45,5542.8,1,59.72,25,0,0,0,0,0,1,0,5,70.49,1,39,304.4
"493",493,0,0,0,435.6,189747.36,1,45.04,123,0,0,0,0,0,1,0,2,75,0,23,765.96
"494",494,1,385,0,684.91,469101.71,0,39.92,292,1712.3,2931971.29,3,7,49,1,1,1,33.13,0,32,355.79
"495",495,1,457,0,455.13,207143.32,0,32,316,1114.13,1241285.66,5,4,16,0,1,6,91.68,1,100,2532.05
"496",496,0,0,0,396.13,156918.98,1,20.21,1393,0,0,0,0,0,0,0,1,63.97,1,1,-0.14
"497",497,1,88,0,933.46,871347.57,1,8.11,238,1583.5,2507472.25,4,14,196,1,0,6,187.35,1,100,2793.27
"498",498,0,0,0,537.05,288422.7,1,38.5,44,0,0,0,0,0,1,0,4,133.81,1,61,723.11
"499",499,1,730,1,585.4,342693.16,0,13.77,348,1493.35,2230094.22,2,15,225,0,0,1,87.41,1,7,208.86
"500",500,0,0,0,407.78,166284.53,1,60.42,469,0,0,0,0,0,0,1,3,138.03,1,18,567.62
