"","customer","duration","censor","avg_ret_exp","avg_ret_exp_sq","industry","revenue","employees","total_crossbuy","total_freq","total_freq_sq","churn","gender","married","income","first_purchase","loyalty","sow","clv"
"1",1,500,0,89.61,8029.9521,1,30.16,1240,6,16,256,1,1,0,4,33.55,1,46,759.12
"2",2,730,1,49.89,2489.0121,0,39.8,166,6,10,100,0,1,0,3,94.01,1,28,160.77
"3",3,730,1,40.7,1656.49,0,54.93,1016,2,14,196,0,1,0,3,157.55,1,30,486.42
"4",4,340,0,85.76,7354.7776,0,45.83,122,2,15,225,1,0,0,2,211.49,0,82,1983.2
"5",5,730,1,31.9,1017.61,0,69.03,313,1,9,81,0,0,0,4,165.22,1,100,2445.97
"6",6,408,0,79.18,6269.4724,1,22.54,359,3,12,144,1,0,1,5,138.77,0,100,2270.71
"7",7,730,1,61.08,3730.7664,0,32.97,902,6,20,400,0,0,0,5,98.36,0,6,32.15
"8",8,272,0,87.78,7705.3284,1,22.48,264,3,19,361,1,0,0,3,169.44,0,18,253.36
"9",9,432,0,99.78,9956.0484,1,17.98,1782,2,17,289,1,1,1,2,126.38,0,42,663.85
"10",10,119,0,122.68,15050.3824,0,38.91,539,4,14,196,1,0,1,5,121.26,0,66,1628.76
"11",11,730,1,0.66,0.4356,0,28.85,605,5,17,289,0,1,0,6,54.92,1,86,1949.9
"12",12,520,0,14.34,205.6356,1,49.41,87,2,18,324,1,0,0,4,60.82,1,18,408.24
"13",13,530,0,87.8,7708.84,1,41.91,625,5,15,225,1,0,0,3,133.75,1,88,2027.92
"14",14,730,1,45.63,2082.0969,1,58.91,1507,3,15,225,0,0,0,2,162.39,0,79,1795.4
"15",15,704,0,31.89,1016.9721,0,39.97,643,2,3,9,1,0,1,5,112.12,0,46,328.92
"16",16,629,0,34.06,1160.0836,0,33.78,41,2,17,289,1,0,0,4,165.13,0,21,243.49
"17",17,699,0,9.61,92.3521,1,23.41,398,2,10,100,1,0,0,6,155.1,1,25,209.72
"18",18,730,1,26.05,678.6025,1,30.21,885,5,7,49,0,1,0,2,216.92,0,13,305.33
"19",19,730,1,52.71,2778.3441,0,60.07,1385,4,5,25,0,1,0,3,100.17,1,38,389.38
"20",20,730,1,29.83,889.8289,0,49.28,544,5,16,256,0,0,0,5,81.13,1,49,775.58
"21",21,423,0,66.45,4415.6025,1,8.1,893,3,4,16,1,0,1,2,95.35,0,28,972.12
"22",22,730,1,10.4,108.16,1,37.08,746,2,18,324,0,1,0,4,181.15,1,88,2622.67
"23",23,453,0,72.05,5191.2025,1,10.24,1140,3,2,4,1,0,0,1,139.78,0,26,634.85
"24",24,730,1,46.32,2145.5424,0,47.57,1293,2,19,361,0,1,0,2,87.14,1,81,1611.54
"25",25,479,0,81.39,6624.3321,0,59.86,1032,4,9,81,1,1,0,1,115.63,0,29,525.97
"26",26,525,0,70.15,4921.0225,1,29.57,390,4,6,36,1,1,0,4,113.4,1,63,1097.49
"27",27,389,0,66.07,4365.2449,1,37.49,163,3,10,100,1,1,1,6,97.82,0,38,623.19
"28",28,730,1,29.43,866.1249,0,8.62,93,4,12,144,0,1,1,5,145.22,1,55,310.47
"29",29,730,1,1.2,1.44,1,10.18,1446,6,16,256,0,0,1,6,114.15,1,92,1868.35
"30",30,730,1,33.49,1121.5801,1,47.99,283,5,3,9,0,1,1,5,126.99,1,67,1834.26
"31",31,359,0,56.7,3214.89,0,1.86,86,3,7,49,1,0,0,2,60.75,1,37,705.95
"32",32,674,0,27.36,748.5696,0,25.8,515,5,4,16,1,1,0,4,57.15,1,53,507.19
"33",33,730,1,21.9,479.61,1,60.24,1188,3,11,121,0,1,0,5,123.85,1,26,646.85
"34",34,730,1,48.31,2333.8561,0,74.86,350,4,16,256,0,0,0,2,113.09,1,80,1441.99
"35",35,730,1,2.46,6.0516,0,26.46,728,5,9,81,0,1,0,3,128.3,0,36,1324.6
"36",36,446,0,57.16,3267.2656,1,27.08,99,4,9,81,1,0,0,5,120.17,1,100,2229.87
"37",37,528,0,81.62,6661.8244,0,34.46,440,5,10,100,1,1,0,2,135.29,1,2,430.3
"38",38,676,0,39.38,1550.7844,1,15.75,1202,3,4,16,1,1,0,4,109.17,0,26,300.92
"39",39,602,0,24.47,598.7809,1,27.95,356,2,11,121,1,1,0,1,121.66,1,51,1600.97
"40",40,628,0,64.48,4157.6704,1,42.77,52,3,17,289,1,0,0,5,71.08,0,48,1461.94
"41",41,730,1,28.84,831.7456,0,3.47,639,5,5,25,0,0,0,4,108.25,0,86,1804.95
"42",42,730,1,9.84,96.8256,0,42.32,983,5,4,16,0,1,0,4,158.36,0,61,1928.08
"43",43,730,1,2.27,5.1529,1,13.98,1265,1,11,121,0,0,0,4,187.14,1,100,1697.76
"44",44,730,1,39.68,1574.5024,1,60.06,1062,4,3,9,0,1,0,2,140.09,1,38,661.83
"45",45,526,0,57.85,3346.6225,0,28.79,283,3,16,256,1,1,0,4,82.26,1,51,1386.5
"46",46,730,1,10.3,106.09,1,45.96,418,4,5,25,0,1,0,6,159.73,0,61,1439.69
"47",47,730,1,14.03,196.8409,0,50.15,1630,3,20,400,0,0,1,5,47.88,1,34,479.77
"48",48,730,1,66.4,4408.96,1,64.2,1478,3,11,121,0,0,0,6,178.57,1,38,571.47
"49",49,730,1,9.33,87.0489,1,15.98,1040,3,9,81,0,0,0,4,33.7,1,4,0.62
"50",50,79,0,121.55,14774.4025,1,40.09,85,2,14,196,1,0,1,2,68.04,0,13,205.94
"51",51,710,0,3.06,9.3636,1,41.02,274,5,16,256,1,1,0,3,129.37,0,17,972.05
"52",52,420,0,38.29,1466.1241,0,21.31,199,1,17,289,1,0,0,5,187.54,1,84,1991.56
"53",53,347,0,75.54,5706.2916,1,39.73,384,3,4,16,1,1,0,5,46.79,0,11,296.04
"54",54,730,1,2.37,5.6169,0,68.71,1510,5,13,169,0,1,1,4,145.68,0,100,2589.15
"55",55,730,1,18.46,340.7716,0,48.62,917,3,4,16,0,1,1,4,78.99,1,84,1654.82
"56",56,538,0,1.08,1.1664,1,54.45,225,3,3,9,1,0,1,4,162.52,1,41,283.61
"57",57,730,1,10.97,120.3409,1,31.37,238,6,20,400,0,1,0,6,94.11,0,86,2491.38
"58",58,522,0,0.62,0.3844,0,24.61,394,1,13,169,1,1,1,1,173.31,0,34,357.67
"59",59,466,0,80.56,6489.9136,0,54.83,230,2,12,144,1,1,0,5,130.37,1,100,2283.02
"60",60,592,0,7.71,59.4441,1,25.69,295,4,8,64,1,1,0,6,131.11,1,49,1394.41
"61",61,730,1,10.26,105.2676,0,56.65,1539,3,21,441,0,0,1,4,195.42,0,100,2281.82
"62",62,543,0,31.71,1005.5241,1,45.67,563,2,3,9,1,0,0,5,94.39,1,65,1262.06
"63",63,657,0,42.24,1784.2176,1,18.52,220,3,6,36,1,1,0,2,83.76,1,43,1122.87
"64",64,730,1,27.68,766.1824,1,12.39,1403,6,16,256,0,0,0,5,116.64,0,35,711.75
"65",65,730,1,25.93,672.3649,0,14.8,596,3,14,196,0,1,1,2,145.93,0,32,308.59
"66",66,426,0,61.22,3747.8884,0,51.12,626,2,2,4,1,0,1,2,125.51,1,52,682.88
"67",67,567,0,54.76,2998.6576,0,39.83,991,1,13,169,1,1,0,4,178.69,1,51,1037.52
"68",68,721,0,11.32,128.1424,1,58.03,22,2,20,400,1,0,0,6,160.25,0,58,790.88
"69",69,730,1,8.35,69.7225,0,57.91,877,2,3,9,0,0,0,6,99.94,0,15,102.02
"70",70,730,1,9.03,81.5409,0,15.66,1608,2,16,256,0,1,0,3,76.08,1,95,2090.96
"71",71,522,0,17.51,306.6001,1,67.61,76,3,2,4,1,1,1,3,114.91,1,100,2415.72
"72",72,730,1,19.87,394.8169,1,44.38,481,4,14,196,0,0,0,4,89.06,1,50,660.91
"73",73,650,0,8.53,72.7609,0,19.07,293,5,13,169,1,0,0,5,67.66,1,28,394.19
"74",74,730,1,73.34,5378.7556,1,32.4,1445,4,12,144,0,1,0,4,188.56,0,100,2800.89
"75",75,573,0,60.11,3613.2121,1,40.84,132,6,7,49,1,0,1,2,166.05,1,23,259.87
"76",76,702,0,57.5,3306.25,0,41.37,846,1,19,361,1,0,0,6,37.71,1,63,1301.61
"77",77,123,0,124.38,15470.3844,0,16.19,379,5,7,49,1,1,0,4,113.93,0,41,687.69
"78",78,730,1,25.01,625.5001,1,3.23,1172,5,10,100,0,0,0,2,143.22,1,100,2340.53
"79",79,706,0,79.09,6255.2281,0,55.79,1091,3,15,225,1,1,0,2,57.78,1,25,363.09
"80",80,730,1,36.92,1363.0864,1,41.65,71,5,4,16,0,1,1,3,173.67,1,24,319.37
"81",81,539,0,77.5,6006.25,1,40.17,918,5,12,144,1,0,1,3,119.85,1,37,414.87
"82",82,730,1,11.52,132.7104,1,35.54,995,2,14,196,0,1,0,3,173.69,1,81,2337.88
"83",83,600,0,69.74,4863.6676,1,20.91,841,4,18,324,1,0,0,5,124.93,1,100,2204.58
"84",84,730,1,0.02,4e-04,0,35.69,207,3,11,121,0,0,0,4,157.09,1,39,211.18
"85",85,470,0,99.63,9926.1369,1,40.08,1172,4,18,324,1,1,0,4,171.53,1,43,1292.4
"86",86,730,1,5.3,28.09,1,35.66,1397,4,6,36,0,0,0,1,177.55,1,15,229.22
"87",87,730,1,14.51,210.5401,1,61.76,1377,3,7,49,0,1,0,6,86.43,1,28,202.33
"88",88,640,0,68.99,4759.6201,1,41.23,682,4,20,400,1,0,0,4,70.83,1,83,1428.02
"89",89,449,0,70.27,4937.8729,1,30.77,1184,1,20,400,1,1,0,4,142.67,1,22,364.78
"90",90,584,0,29.61,876.7521,0,41.6,142,1,18,324,1,0,1,3,32.81,0,42,1033.82
"91",91,730,1,28.87,833.4769,1,59.63,972,1,6,36,0,1,0,5,168.79,1,41,487.78
"92",92,730,1,71.47,5107.9609,1,38.57,1597,6,17,289,0,1,0,3,99.87,1,3,166.6
"93",93,730,1,10.25,105.0625,0,43.12,842,4,4,16,0,0,1,2,136.17,1,39,718.06
"94",94,730,1,27.45,753.5025,0,69.95,723,4,19,361,0,0,0,2,134.12,1,40,420.41
"95",95,730,1,74.17,5501.1889,1,50.1,1238,4,17,289,0,0,0,4,192.2,1,10,404.9
"96",96,730,1,49.17,2417.6889,1,41.6,1351,1,18,324,0,0,0,6,83.7,1,98,2007.11
"97",97,569,0,61,3721,1,66.19,1033,2,4,16,1,1,0,1,150.68,0,11,214.03
"98",98,730,1,0.34,0.1156,0,55.72,1056,2,17,289,0,0,1,4,117.97,0,96,2430.71
"99",99,730,1,6.38,40.7044,1,67.4,270,4,11,121,0,0,0,1,127.97,1,61,1074.75
"100",100,226,0,97.82,9568.7524,1,48.54,125,4,16,256,1,0,0,2,107.54,1,33,356.37
"101",101,730,1,22.76,518.0176,0,51.07,237,5,17,289,0,0,0,5,145.52,1,73,1531.02
"102",102,730,1,24.16,583.7056,0,30.67,321,6,6,36,0,0,0,5,144.99,0,86,2001.46
"103",103,590,0,80.58,6493.1364,0,49.6,1078,5,18,324,1,0,0,5,112.79,1,96,2419.12
"104",104,618,0,74.38,5532.3844,1,40.99,1502,3,15,225,1,1,1,2,105.64,1,41,586.89
"105",105,730,1,13.62,185.5044,0,36.45,1321,5,13,169,0,0,0,2,140.83,1,32,667.71
"106",106,610,0,13.43,180.3649,1,36.82,283,2,13,169,1,1,0,4,94.07,0,56,1479.1
"107",107,162,0,106.28,11295.4384,1,44.65,253,4,9,81,1,1,0,6,140.16,1,100,4257.57
"108",108,548,0,87.5,7656.25,0,24.62,338,6,14,196,1,0,0,2,57.57,1,87,1476.07
"109",109,634,0,17.94,321.8436,1,53.87,284,3,14,196,1,1,1,2,134.57,1,94,2291.43
"110",110,730,1,5.27,27.7729,1,68.73,572,4,5,25,0,0,1,1,77.66,0,28,319.91
"111",111,730,1,50.82,2582.6724,1,45.19,1769,4,16,256,0,1,0,6,43.88,1,97,2283.8
"112",112,730,1,74.24,5511.5776,1,55.88,1566,5,3,9,0,1,0,3,64.61,1,77,2120.61
"113",113,714,0,65.58,4300.7364,1,43.65,424,6,5,25,1,0,0,1,158.24,0,18,437.93
"114",114,730,1,31.25,976.5625,0,52.39,736,3,19,361,0,1,0,3,167.9,1,72,1470.22
"115",115,730,1,22.41,502.2081,1,40.68,1121,2,10,100,0,1,0,5,53.01,1,73,1635.94
"116",116,730,1,26.71,713.4241,1,45.32,291,5,20,400,0,0,1,4,142.2,0,69,1978.59
"117",117,495,0,63.58,4042.4164,0,33.7,327,4,9,81,1,1,1,3,149.87,1,16,240.06
"118",118,730,1,0.54,0.2916,1,36.55,1391,3,20,400,0,1,0,2,151.68,1,37,280.58
"119",119,616,0,60.57,3668.7249,1,50.74,149,4,9,81,1,1,0,6,192.37,1,64,1355.96
"120",120,730,1,43.22,1867.9684,0,30.11,1802,2,11,121,0,0,1,5,179.64,1,97,2697.49
"121",121,538,0,14.58,212.5764,1,26.68,115,3,5,25,1,1,0,3,63.45,1,12,343.63
"122",122,506,0,44.71,1998.9841,1,32.05,243,2,8,64,1,0,0,1,160.84,0,27,816.17
"123",123,298,0,91.83,8432.7489,0,57.46,158,3,3,9,1,0,1,6,71.93,0,27,464.41
"124",124,730,1,0.1,0.01,1,29.95,1707,4,6,36,0,1,1,5,127.66,1,27,565.64
"125",125,730,1,23.59,556.4881,1,69.99,209,5,14,196,0,0,1,2,147.76,0,20,175.89
"126",126,730,1,28.82,830.5924,1,37.8,769,2,19,361,0,1,0,6,179.65,0,71,1629.5
"127",127,267,0,112.5,12656.25,0,58.12,1354,4,9,81,1,0,0,4,60.8,1,15,459.52
"128",128,730,1,18.18,330.5124,1,39.76,503,5,9,81,0,1,0,1,58.71,1,8,298.58
"129",129,730,1,2.57,6.6049,0,57.12,1689,1,14,196,0,1,0,5,191.54,1,52,736.16
"130",130,697,0,12.09,146.1681,1,61.21,1028,1,19,361,1,1,0,3,94.21,1,61,1947.89
"131",131,730,1,41.87,1753.0969,0,69.97,38,3,3,9,0,1,0,5,69.43,1,68,1051.62
"132",132,688,0,14.64,214.3296,1,50.89,167,2,21,441,1,0,0,2,130.24,1,24,331.44
"133",133,538,0,78.82,6212.5924,0,53.56,1238,3,12,144,1,0,0,2,182.67,1,57,901.78
"134",134,730,1,1.87,3.4969,1,26.94,878,6,18,324,0,1,0,2,62.39,1,32,880.81
"135",135,611,0,74.98,5622.0004,1,30.74,776,5,10,100,1,0,0,6,160.51,1,100,2618.42
"136",136,710,0,10.22,104.4484,0,44.21,377,3,9,81,1,1,0,5,200.08,1,100,2592.07
"137",137,628,0,4.22,17.8084,1,46.82,538,1,17,289,1,1,0,6,95.09,1,100,2353.87
"138",138,532,0,41.59,1729.7281,1,48.15,134,3,8,64,1,0,0,4,32.12,0,58,1534.64
"139",139,730,1,11.08,122.7664,1,26.5,590,5,6,36,0,0,0,6,142.78,1,44,794.83
"140",140,730,1,37.97,1441.7209,0,43.44,1422,5,11,121,0,1,0,3,68.36,1,100,2239.97
"141",141,730,1,22.88,523.4944,0,5.9,625,6,13,169,0,0,0,4,184.58,1,86,2019.3
"142",142,730,1,18.75,351.5625,1,33.21,855,6,15,225,0,1,0,4,54.51,0,14,-30.33
"143",143,730,1,13.71,187.9641,0,43.35,1459,4,2,4,0,1,1,3,171.76,1,100,2699.56
"144",144,609,0,60.4,3648.16,1,18.54,164,4,16,256,1,0,0,6,102.03,1,100,2294.48
"145",145,551,0,64.21,4122.9241,1,60.67,165,2,16,256,1,0,1,6,183.34,0,100,3506.81
"146",146,223,0,100.5,10100.25,1,48.52,731,3,17,289,1,1,1,2,127.42,1,100,2061.45
"147",147,692,0,35.91,1289.5281,0,57.92,1020,2,2,4,1,1,0,4,78.01,1,98,2146.28
"148",148,730,1,10.6,112.36,1,45.67,1320,5,5,25,0,1,1,2,103.06,0,72,1998.24
"149",149,730,1,35.73,1276.6329,1,28.03,242,5,16,256,0,0,0,4,45.44,1,26,307.31
"150",150,730,1,9.99,99.8001,1,59.11,201,4,4,16,0,0,0,4,114.76,0,53,791.65
"151",151,730,1,52.54,2760.4516,1,57.13,1309,5,6,36,0,0,0,5,57.23,1,45,581.5
"152",152,730,1,44.33,1965.1489,0,63.64,344,4,4,16,0,0,0,5,106.82,1,85,1874.93
"153",153,639,0,12.79,163.5841,1,14.13,204,3,8,64,1,0,1,2,48.23,1,13,2.44
"154",154,730,1,20.09,403.6081,1,57.48,370,3,16,256,0,0,0,3,148.53,0,56,1156.02
"155",155,686,0,0.37,0.1369,1,51.62,368,2,4,16,1,0,0,4,109.36,0,27,541.51
"156",156,730,1,19.27,371.3329,1,26.73,303,6,19,361,0,0,1,3,73.8,1,20,59.69
"157",157,730,1,61.09,3731.9881,0,44.54,1742,4,8,64,0,0,0,4,78.7,1,78,1928.51
"158",158,730,1,1.91,3.6481,0,43.08,1543,4,21,441,0,0,0,5,142.54,0,28,247.7
"159",159,730,1,28.99,840.4201,0,43.95,398,3,21,441,0,0,0,6,51.18,1,82,1699.15
"160",160,420,0,66.77,4458.2329,1,52.55,266,3,3,9,1,1,0,3,188.86,0,78,1449.85
"161",161,730,1,48.71,2372.6641,0,52.18,761,2,21,441,0,0,0,5,91.12,1,27,207.11
"162",162,730,1,17.29,298.9441,0,47,875,6,9,81,0,1,0,2,120.51,1,14,244.47
"163",163,296,0,71.79,5153.8041,0,39.83,219,2,3,9,1,1,1,5,102.53,0,82,1646.04
"164",164,730,1,42.18,1779.1524,1,31.94,532,3,5,25,0,1,0,3,67.57,0,22,306.74
"165",165,730,1,7.83,61.3089,1,41.93,1454,3,17,289,0,0,0,5,138.97,1,78,1478.71
"166",166,730,1,3.23,10.4329,1,14.79,929,2,3,9,0,0,0,6,80.84,1,75,1812.49
"167",167,730,1,8.71,75.8641,0,40.78,910,4,10,100,0,1,1,5,208.74,0,98,2179.81
"168",168,698,0,17.42,303.4564,1,42.08,248,5,7,49,1,1,0,6,152.65,1,34,361.2
"169",169,730,1,2.3,5.29,0,34.95,1051,5,13,169,0,1,0,4,184.45,0,69,1517
"170",170,730,1,21.28,452.8384,0,50.95,896,1,6,36,0,0,0,3,82.36,1,37,347.19
"171",171,696,0,35.46,1257.4116,1,47.61,706,1,5,25,1,0,0,5,129.31,0,16,363.54
"172",172,730,1,14.62,213.7444,1,44.73,319,3,16,256,0,1,1,4,51.64,1,56,854.08
"173",173,730,1,26.13,682.7769,1,16.91,966,3,21,441,0,0,1,1,112.55,0,31,565.48
"174",174,730,1,1.47,2.1609,1,21.58,396,3,18,324,0,1,0,2,148.39,1,33,785.68
"175",175,681,0,1.26,1.5876,1,32.19,263,6,6,36,1,0,1,5,89.23,1,37,637.03
"176",176,730,1,12.62,159.2644,0,26.76,863,6,13,169,0,0,0,4,92.11,1,100,2151.57
"177",177,730,1,21.84,476.9856,0,43.64,580,4,16,256,0,0,0,5,77.72,1,78,2033.98
"178",178,730,1,27.23,741.4729,1,31.28,365,6,17,289,0,1,0,1,72.49,1,35,469.73
"179",179,235,0,109.78,12051.6484,1,52.42,1213,1,13,169,1,0,0,2,174.35,1,58,1288.05
"180",180,604,0,53.7,2883.69,1,11.23,103,4,4,16,1,1,0,3,187.58,1,92,2725.03
"181",181,730,1,25.06,628.0036,0,25.6,1011,2,4,16,0,0,1,3,164.21,1,89,2468.48
"182",182,588,0,0.07,0.0049,1,63.58,222,2,6,36,1,0,0,3,144.56,1,38,737.44
"183",183,730,1,46,2116,1,51.56,1081,3,8,64,0,0,0,1,120.77,1,51,704.19
"184",184,730,1,66.49,4420.9201,1,43.27,878,5,17,289,0,1,1,3,168.68,1,100,2034.18
"185",185,728,0,32.59,1062.1081,1,61.79,746,1,13,169,1,0,0,3,121.72,1,34,271.27
"186",186,730,1,51.76,2679.0976,0,53.19,1446,1,2,4,0,1,0,4,130.38,0,62,1356.68
"187",187,730,1,54.82,3005.2324,1,64.66,1063,1,20,400,0,1,0,3,171.93,0,51,1285.83
"188",188,730,1,2.95,8.7025,0,37.52,633,6,19,361,0,0,0,2,83.1,0,13,211.81
"189",189,205,0,107.64,11586.3696,1,9.45,347,6,2,4,1,0,0,2,171.09,1,28,252.05
"190",190,730,1,21.95,481.8025,0,56.91,1375,3,19,361,0,0,0,3,146.73,1,80,2077.51
"191",191,730,1,8.51,72.4201,0,76.77,1276,3,6,36,0,0,0,2,83.03,0,37,205.89
"192",192,730,1,2.58,6.6564,1,41.78,207,5,10,100,0,0,0,1,157.88,1,47,1160.56
"193",193,683,0,0.31,0.0961,0,42.99,994,2,19,361,1,1,0,1,156.34,1,32,580.96
"194",194,730,1,7.24,52.4176,1,33.75,920,1,16,256,0,1,1,2,101.33,1,60,1886.7
"195",195,417,0,83.47,6967.2409,0,74.97,161,5,2,4,1,1,0,2,136.36,1,25,353.17
"196",196,730,1,9.14,83.5396,1,13.25,247,5,13,169,0,0,1,5,72.76,1,42,850.34
"197",197,730,1,16.38,268.3044,0,32.37,761,3,7,49,0,1,0,6,176.14,1,99,2969.39
"198",198,730,1,18.18,330.5124,1,72.25,28,5,16,256,0,0,1,4,194.5,1,99,2327.15
"199",199,730,1,15.2,231.04,1,16.68,844,4,14,196,0,0,0,3,129.19,0,61,1769.6
"200",200,730,1,20.34,413.7156,1,37.23,684,2,5,25,0,1,1,2,131.37,1,34,990.5
"201",201,730,1,4.54,20.6116,1,31.77,725,3,3,9,0,0,0,3,78.32,0,66,1274.02
"202",202,553,0,10.36,107.3296,1,33.27,224,2,8,64,1,1,0,6,146.03,1,100,2125.49
"203",203,730,1,47.16,2224.0656,1,60.26,825,4,11,121,0,0,1,6,119.77,0,100,2229.54
"204",204,653,0,5.37,28.8369,0,56.93,744,3,3,9,1,0,0,5,98.79,1,60,1323.18
"205",205,410,0,79.78,6364.8484,1,70.01,364,4,9,81,1,1,0,4,85.85,1,28,487.31
"206",206,730,1,52.69,2776.2361,1,31.82,217,4,5,25,0,1,1,4,199.94,1,74,1780.93
"207",207,730,1,5.85,34.2225,0,40.04,1553,3,3,9,0,1,0,2,173.31,1,16,160.52
"208",208,574,0,0.26,0.0676,0,38.75,836,2,7,49,1,1,0,5,54.26,1,77,1452.18
"209",209,730,1,65.4,4277.16,0,26.86,1053,2,18,324,0,0,0,2,165.02,1,99,2221.63
"210",210,637,0,6.94,48.1636,1,29.8,450,1,19,361,1,1,0,5,104.29,1,45,969.38
"211",211,118,0,126.98,16123.9204,1,42.86,1035,1,20,400,1,1,0,2,57.75,0,16,143.82
"212",212,730,1,20.36,414.5296,0,43.46,1527,2,4,16,0,0,0,4,206.34,1,100,3562.45
"213",213,730,1,11.33,128.3689,0,32.06,646,5,18,324,0,1,0,1,176.53,1,86,1669.2
"214",214,212,0,98.37,9676.6569,0,35.62,105,3,4,16,1,1,0,3,122.77,1,71,1329.62
"215",215,648,0,0.31,0.0961,1,21.07,276,4,14,196,1,1,0,2,118.47,1,39,862.01
"216",216,633,0,27.19,739.2961,1,44.56,332,2,14,196,1,1,0,1,62.15,1,8,391.83
"217",217,559,0,76.66,5876.7556,1,7.42,1042,3,15,225,1,0,1,4,123.18,1,72,1579.45
"218",218,191,0,107.29,11511.1441,1,53.74,297,4,3,9,1,1,0,3,150.2,1,46,548.99
"219",219,324,0,89.4,7992.36,0,10.28,334,3,19,361,1,0,1,5,96.13,0,44,513.91
"220",220,730,1,9.2,84.64,0,54.02,293,5,5,25,0,1,1,3,119.02,1,17,292.84
"221",221,730,1,57.58,3315.4564,1,46,1675,4,17,289,0,0,0,5,56,1,44,883.34
"222",222,657,0,23.23,539.6329,1,60.67,366,1,7,49,1,1,0,5,156.46,0,38,949.87
"223",223,730,1,6.88,47.3344,1,46.88,1261,2,8,64,0,0,1,2,155.59,1,27,268.75
"224",224,697,0,12.64,159.7696,1,16.4,318,4,9,81,1,0,0,5,164.87,1,100,2586.72
"225",225,730,1,57.96,3359.3616,0,51.75,247,5,18,324,0,1,0,3,141.23,1,62,849.74
"226",226,665,0,8.82,77.7924,0,50.87,259,3,19,361,1,1,0,4,147.52,0,100,2430.24
"227",227,730,1,13.62,185.5044,1,27.09,289,3,20,400,0,0,0,5,144.96,1,87,2062.82
"228",228,672,0,23.62,557.9044,1,12.54,370,5,11,121,1,0,0,4,95.24,1,42,206.32
"229",229,163,0,96.51,9314.1801,0,49.89,134,2,3,9,1,0,0,1,109.88,1,1,17.47
"230",230,596,0,20.85,434.7225,1,13,103,1,10,100,1,1,1,3,81.24,1,31,369.52
"231",231,730,1,25.83,667.1889,0,27.39,856,2,2,4,0,1,0,6,170.62,0,96,2004.46
"232",232,639,0,8.22,67.5684,0,9.78,951,3,3,9,1,1,1,2,78.59,1,22,438.57
"233",233,730,1,43.03,1851.5809,1,52.51,650,4,14,196,0,1,0,5,125.52,1,35,603.93
"234",234,563,0,0.8,0.64,1,22.18,232,1,18,324,1,0,0,5,114.72,0,10,544.68
"235",235,410,0,88.62,7853.5044,1,41.86,62,6,19,361,1,0,0,4,171.77,1,36,355.54
"236",236,730,1,53.11,2820.6721,1,40.14,1216,1,4,16,0,0,0,5,174.37,0,30,407.74
"237",237,545,0,2.68,7.1824,1,25.21,287,3,10,100,1,0,0,3,31.14,1,67,1256.04
"238",238,730,1,10.56,111.5136,1,67.87,1054,6,10,100,0,1,1,4,99.97,1,89,2200.44
"239",239,180,0,109.25,11935.5625,1,47.61,886,1,21,441,1,0,0,4,177.97,1,42,650.84
"240",240,611,0,61.43,3773.6449,0,65.31,203,4,18,324,1,0,0,3,168.28,0,62,1261.23
"241",241,730,1,3.78,14.2884,1,26.07,846,6,12,144,0,1,0,1,182.52,0,19,578.99
"242",242,683,0,17.21,296.1841,0,14.47,325,5,16,256,1,1,0,3,154.14,1,19,164.33
"243",243,730,1,0.21,0.0441,0,33.84,1329,3,18,324,0,0,0,2,68.74,1,9,-8.52
"244",244,730,1,0.05,0.0025,0,39.48,853,6,9,81,0,0,0,4,89.32,1,77,1932.03
"245",245,553,0,56.25,3164.0625,1,54.43,577,4,3,9,1,0,0,2,140.27,1,46,1028.55
"246",246,730,1,1.31,1.7161,0,64.76,1189,3,3,9,0,1,0,3,123.04,1,15,228
"247",247,730,1,40.88,1671.1744,1,46.45,1506,5,16,256,0,0,1,1,203.66,1,32,449.63
"248",248,730,1,67.6,4569.76,0,49.98,1203,5,8,64,0,0,1,3,191.82,1,41,815.13
"249",249,730,1,4.9,24.01,1,61.37,1224,2,20,400,0,0,0,3,101.2,1,57,1206.76
"250",250,730,1,31.97,1022.0809,0,26.55,1871,2,11,121,0,0,0,2,85.61,1,71,1593.38
"251",251,730,1,4.71,22.1841,1,26.8,785,4,16,256,0,0,0,2,171.21,0,55,1457.12
"252",252,611,0,3.12,9.7344,0,22.96,961,2,11,121,1,0,0,2,110.54,1,69,1279.11
"253",253,155,0,108.93,11865.7449,1,35.5,666,3,4,16,1,1,0,2,130.79,1,29,146.9
"254",254,128,0,107.96,11655.3616,0,28.18,64,4,8,64,1,1,0,4,172.23,1,100,2415.64
"255",255,299,0,90.12,8121.6144,1,38.01,591,4,14,196,1,1,1,5,198.86,0,64,1475.91
"256",256,639,0,7.2,51.84,0,30.86,82,3,2,4,1,1,1,4,156.49,1,23,305.48
"257",257,135,0,101.76,10355.0976,1,28.07,305,2,1,1,1,1,1,3,155.05,1,46,956.56
"258",258,717,0,7.73,59.7529,1,41.97,336,2,4,16,1,1,1,4,194.6,1,63,1665.61
"259",259,405,0,98.34,9670.7556,0,32.39,915,4,15,225,1,1,0,4,105.69,0,33,537.22
"260",260,730,1,23.28,541.9584,1,71.56,921,2,17,289,0,0,0,3,68.88,0,21,-80.84
"261",261,730,1,13.68,187.1424,1,27.1,627,4,10,100,0,0,0,4,105.37,1,36,1067.43
"262",262,730,1,9.24,85.3776,1,28.1,701,2,21,441,0,0,0,3,66.65,1,26,322.53
"263",263,626,0,6.65,44.2225,0,28.76,167,2,8,64,1,1,0,4,106.37,0,46,1200.86
"264",264,730,1,61.17,3741.7689,0,52.12,912,5,20,400,0,0,0,5,105.21,1,95,2282.16
"265",265,483,0,1.79,3.2041,1,34.11,500,1,20,400,1,1,1,3,125.77,1,56,953.26
"266",266,70,0,124.5,15500.25,1,23.81,141,2,21,441,1,1,0,5,56.36,1,61,799.79
"267",267,717,0,1.15,1.3225,1,48.6,382,1,11,121,1,1,0,5,158.89,1,55,746.89
"268",268,730,1,26.83,719.8489,0,11.79,533,3,8,64,0,1,0,4,53.04,1,94,1477.08
"269",269,730,1,60.27,3632.4729,0,37.73,1346,2,10,100,0,0,1,5,138.48,1,100,2389.05
"270",270,604,0,0.6,0.36,0,37.48,259,3,10,100,1,0,0,5,43.11,1,90,2190.75
"271",271,641,0,31.38,984.7044,0,65.89,753,1,2,4,1,1,1,3,166.59,0,86,2071.07
"272",272,730,1,26.25,689.0625,1,32.98,265,3,15,225,0,0,0,4,104.63,0,8,238.2
"273",273,657,0,7.07,49.9849,1,28.99,434,4,14,196,1,0,0,3,111.94,1,67,1398.91
"274",274,473,0,0.13,0.0169,1,43.7,377,1,13,169,1,1,0,5,102.62,1,86,2280.86
"275",275,386,0,67.05,4495.7025,1,20.47,169,4,10,100,1,0,1,1,25.45,1,14,159.12
"276",276,700,0,50,2500,0,60.38,368,5,19,361,1,1,0,4,127.09,1,89,2289.38
"277",277,730,1,1.94,3.7636,1,59.31,1655,6,7,49,0,1,1,6,29.23,1,100,2855.14
"278",278,730,1,59.93,3591.6049,0,29.2,1259,5,12,144,0,1,1,2,101.77,1,32,292.47
"279",279,502,0,91.48,8368.5904,0,30.52,1422,2,9,81,1,0,1,2,79.3,1,44,668.94
"280",280,528,0,65.7,4316.49,0,26.79,642,1,6,36,1,0,1,2,62.79,1,89,1504.51
"281",281,711,0,25.72,661.5184,1,59.55,387,4,7,49,1,1,0,3,206.89,1,57,1351.68
"282",282,330,0,97.85,9574.6225,1,48.19,966,5,2,4,1,0,0,3,138.93,1,78,1482.57
"283",283,486,0,76.53,5856.8409,0,63.28,118,3,20,400,1,0,1,1,103,0,35,235.34
"284",284,730,1,25.17,633.5289,0,70.21,380,4,9,81,0,0,1,3,125.76,1,35,292.96
"285",285,104,0,122.68,15050.3824,1,35.84,871,1,12,144,1,0,1,3,56.15,1,19,50.06
"286",286,730,1,50.42,2542.1764,1,54.53,861,2,15,225,0,0,0,4,96.98,1,58,616.38
"287",287,526,0,71.2,5069.44,1,57.97,42,3,6,36,1,0,0,4,108.35,0,73,1941.08
"288",288,730,1,33.41,1116.2281,1,62.8,1357,4,7,49,0,0,0,3,71,0,32,432.28
"289",289,702,0,15.55,241.8025,1,37.21,1117,2,4,16,1,0,0,4,82.25,1,40,591.5
"290",290,206,0,89.87,8076.6169,1,28.38,478,1,15,225,1,1,0,3,172.05,1,74,1417.67
"291",291,461,0,74.42,5538.3364,1,41.1,690,4,17,289,1,1,0,4,52.46,1,73,1835.32
"292",292,730,1,10.67,113.8489,0,48.98,1039,5,3,9,0,0,0,1,161.2,1,60,1122.81
"293",293,730,1,47.28,2235.3984,0,37.32,407,3,6,36,0,1,1,3,169.74,1,42,345.17
"294",294,564,0,10.48,109.8304,1,17.88,41,2,11,121,1,0,1,2,202.68,1,37,536.6
"295",295,451,0,1.26,1.5876,1,11.03,84,2,20,400,1,1,0,4,204.01,1,65,1495.75
"296",296,119,0,129.48,16765.0704,0,21.34,990,5,6,36,1,1,1,6,141.04,0,47,395.55
"297",297,730,1,3.48,12.1104,0,37.76,458,5,13,169,0,1,0,4,173.06,1,82,2417.36
"298",298,331,0,94.03,8841.6409,1,38.61,1030,1,5,25,1,0,0,2,167.17,1,54,1048.92
"299",299,730,1,22.17,491.5089,0,49.38,336,6,18,324,0,1,0,5,77.61,1,76,900.2
"300",300,730,1,20,400,1,64.95,349,2,15,225,0,0,0,1,83.22,1,30,558.63
"301",301,584,0,5.01,25.1001,1,48.69,125,2,14,196,1,1,1,2,120.23,1,24,237.85
"302",302,574,0,2.26,5.1076,0,37.09,660,1,20,400,1,0,0,4,94.35,0,15,135.39
"303",303,331,0,70.9,5026.81,1,17.22,4,3,15,225,1,1,0,2,189.02,1,29,242.32
"304",304,730,1,12.42,154.2564,1,23.4,617,5,13,169,0,1,0,6,41.86,1,38,636.74
"305",305,706,0,7.9,62.41,1,47.92,260,1,17,289,1,1,0,2,105.39,1,1,148.66
"306",306,660,0,16.57,274.5649,1,38.93,695,2,5,25,1,0,1,4,155.08,1,43,645.37
"307",307,730,1,2.16,4.6656,0,54.68,1255,2,15,225,0,1,0,5,110.59,1,93,1538.49
"308",308,36,0,145.16,21071.4256,1,2.35,1256,1,12,144,1,1,1,3,89.53,0,46,963.02
"309",309,730,1,44.52,1982.0304,0,15.61,245,3,9,81,0,0,0,4,76.68,0,34,617.8
"310",310,583,0,10.74,115.3476,1,26.46,175,2,2,4,1,1,0,3,154.33,1,30,683.95
"311",311,730,1,7.34,53.8756,1,36.05,351,6,9,81,0,1,0,4,141.29,0,57,1185.65
"312",312,730,1,0.22,0.0484,1,18.03,669,3,9,81,0,1,1,5,171.77,1,30,575.31
"313",313,730,1,26.77,716.6329,0,41.27,354,4,11,121,0,1,0,1,82.6,0,24,608.41
"314",314,730,1,51.23,2624.5129,1,32.26,1100,4,3,9,0,0,0,5,130.32,1,58,1252.81
"315",315,491,0,78.3,6130.89,1,47.24,625,5,16,256,1,0,0,4,126.14,0,46,546.03
"316",316,709,0,32.32,1044.5824,0,43.62,308,2,3,9,1,1,0,4,141.02,1,68,2247.36
"317",317,730,1,5.65,31.9225,0,70.35,911,1,13,169,0,0,0,6,131.36,1,10,145.25
"318",318,730,1,30.69,941.8761,1,63.8,877,5,15,225,0,0,0,2,67.31,0,13,490.12
"319",319,474,0,77.7,6037.29,1,57.66,293,6,12,144,1,0,0,5,86.81,1,50,1254.84
"320",320,730,1,1.9,3.61,1,33.05,1419,1,7,49,0,0,0,3,139.59,1,36,817.39
"321",321,730,1,20.35,414.1225,0,38.37,1600,2,6,36,0,0,0,2,46.98,1,30,339.9
"322",322,730,1,21.8,475.24,1,52.64,112,3,11,121,0,1,0,5,164.89,0,38,307.37
"323",323,470,0,1.12,1.2544,1,62.84,82,1,19,361,1,1,0,4,63.58,1,93,1560.06
"324",324,730,1,63.2,3994.24,0,39.95,371,5,19,361,0,1,0,2,186.24,1,22,700.8
"325",325,532,0,73.58,5414.0164,1,12.73,299,5,21,441,1,1,0,5,211.83,1,100,2610.61
"326",326,730,1,27.67,765.6289,0,54.2,1434,5,14,196,0,0,0,3,125.24,1,11,258.61
"327",327,456,0,87.84,7715.8656,1,25.13,1546,5,6,36,1,0,0,3,113.7,1,37,218.75
"328",328,730,1,39.56,1564.9936,1,14.1,240,6,1,1,0,1,0,5,166.84,1,100,2477.44
"329",329,730,1,29.2,852.64,0,45.55,704,5,12,144,0,1,0,3,142.23,0,100,2613.46
"330",330,658,0,53.34,2845.1556,1,52.68,166,6,4,16,1,1,0,5,53.21,1,76,2058.32
"331",331,730,1,46.63,2174.3569,1,33.79,987,5,2,4,0,1,0,3,107.47,0,100,2349.25
"332",332,730,1,3.37,11.3569,0,48.79,841,2,14,196,0,0,0,4,88.86,1,44,630.95
"333",333,730,1,18.71,350.0641,1,32.43,1025,5,14,196,0,0,0,5,55.08,0,89,2179.69
"334",334,200,0,106.52,11346.5104,1,60.28,159,2,10,100,1,0,0,6,171.22,0,100,3014.43
"335",335,730,1,18.32,335.6224,1,19.94,1247,4,6,36,0,1,1,3,94.19,1,11,256.41
"336",336,730,1,13.38,179.0244,0,14.79,313,6,12,144,0,1,1,5,198.09,0,96,1984.78
"337",337,730,1,3.45,11.9025,1,34.08,1286,6,12,144,0,0,0,3,194.63,1,17,579.42
"338",338,730,1,80.24,6438.4576,0,61.71,1238,6,18,324,0,0,1,3,41.51,0,1,31.49
"339",339,73,0,122.36,14971.9696,0,50.13,135,2,19,361,1,0,0,5,142.62,0,39,893.56
"340",340,730,1,18.04,325.4416,1,35.61,1950,1,20,400,0,0,1,3,180.82,1,24,325.12
"341",341,730,1,5.95,35.4025,1,30.93,264,5,17,289,0,1,0,2,93.19,1,9,105.84
"342",342,730,1,22.11,488.8521,1,23.44,1083,2,8,64,0,0,0,2,127.33,1,38,362.37
"343",343,665,0,10.51,110.4601,0,48.9,587,3,9,81,1,1,0,1,166.83,1,27,260
"344",344,125,0,99.17,9834.6889,0,30.31,56,2,2,4,1,1,0,4,198.08,1,100,2502.74
"345",345,730,1,12.65,160.0225,0,22.81,1645,2,14,196,0,0,1,2,53.87,1,11,702.86
"346",346,730,1,13.73,188.5129,1,46.73,673,6,12,144,0,1,0,5,88.54,0,96,2436.58
"347",347,730,1,2.41,5.8081,0,43.93,102,5,3,9,0,1,0,2,106.51,0,17,267.15
"348",348,730,1,9.84,96.8256,1,37.14,156,5,4,16,0,0,1,4,156.27,1,96,2411.24
"349",349,702,0,10.11,102.2121,0,37.12,281,5,1,1,1,1,0,2,160.37,1,94,2322.73
"350",350,455,0,56.76,3221.6976,1,13.19,281,2,10,100,1,0,1,2,157.78,1,100,2245.56
"351",351,363,0,60.97,3717.3409,0,36.43,332,1,19,361,1,1,0,5,187.67,1,100,2515.56
"352",352,616,0,12.48,155.7504,1,51.72,261,3,18,324,1,0,1,5,164.63,0,45,630.15
"353",353,730,1,38.5,1482.25,1,47.64,667,5,15,225,0,1,0,4,64.79,0,33,212.92
"354",354,682,0,0.93,0.8649,1,53.78,167,3,10,100,1,1,0,1,77.06,0,17,335.73
"355",355,696,0,6.83,46.6489,0,43.48,737,3,15,225,1,0,0,5,71.17,0,40,502.24
"356",356,730,1,39.94,1595.2036,1,60.34,270,5,10,100,0,1,0,4,96.37,1,9,177.94
"357",357,730,1,19.82,392.8324,1,51.91,398,6,13,169,0,0,0,4,144.06,1,100,2436.61
"358",358,730,1,26.43,698.5449,0,13.16,387,6,14,196,0,0,0,3,182,0,23,356.67
"359",359,730,1,47.28,2235.3984,1,53.79,1462,5,2,4,0,0,0,2,111.33,1,45,971.11
"360",360,545,0,6.5,42.25,1,10.97,854,1,14,196,1,0,0,2,225.77,1,67,1469.88
"361",361,730,1,0.84,0.7056,1,55.46,322,5,21,441,0,1,0,3,143.16,1,76,1204.77
"362",362,730,1,11.38,129.5044,1,38.08,616,5,6,36,0,1,1,4,158.18,1,100,2574.35
"363",363,730,1,19.43,377.5249,1,37.96,356,2,14,196,0,0,1,2,65.2,1,6,280.97
"364",364,271,0,104.94,11012.4036,1,19.94,743,4,13,169,1,0,0,6,189.15,0,70,1725.02
"365",365,730,1,0.76,0.5776,0,32.63,1197,5,18,324,0,1,0,5,91.58,0,22,786.3
"366",366,581,0,23,529,1,56.83,505,1,18,324,1,0,0,5,136.59,1,100,2587.59
"367",367,730,1,55.06,3031.6036,1,28.06,945,3,19,361,0,1,0,2,29.52,0,1,-14.72
"368",368,65,0,132.69,17606.6361,0,33.69,594,2,4,16,1,0,0,4,218.84,1,52,1022.77
"369",369,730,1,51.46,2648.1316,0,8.01,468,5,17,289,0,0,0,5,185.97,1,33,286.6
"370",370,589,0,1.07,1.1449,1,36.52,637,2,19,361,1,1,1,3,97.62,0,26,539.63
"371",371,730,1,27.57,760.1049,0,39.45,373,3,16,256,0,1,1,5,87.56,1,56,893.55
"372",372,730,1,7.96,63.3616,0,27.01,106,4,8,64,0,1,0,6,157.46,0,100,3015.62
"373",373,730,1,35.1,1232.01,1,38.1,331,4,14,196,0,1,1,5,72.08,0,90,2229.67
"374",374,730,1,0.37,0.1369,0,59.91,1270,4,21,441,0,1,0,4,127.03,0,23,426.09
"375",375,730,1,4.67,21.8089,0,57.69,640,4,8,64,0,1,0,4,130.31,1,66,1472.5
"376",376,583,0,58.46,3417.5716,1,49.47,327,4,6,36,1,0,0,4,172.35,1,71,1364.2
"377",377,544,0,14.72,216.6784,1,66.25,349,1,5,25,1,0,0,3,153.8,0,14,128.75
"378",378,730,1,20.92,437.6464,0,47.91,951,2,19,361,0,1,0,5,137.36,1,76,1843.99
"379",379,730,1,39.68,1574.5024,0,61.67,1489,2,5,25,0,0,0,2,129.96,1,58,1166.72
"380",380,121,0,116.03,13462.9609,0,17.06,1124,2,20,400,1,0,1,3,90.19,1,79,1720.83
"381",381,730,1,3.43,11.7649,1,36.62,1168,4,8,64,0,1,0,2,117.19,0,28,452.22
"382",382,730,1,44.05,1940.4025,1,33.73,422,2,16,256,0,0,0,2,153.47,1,32,613.04
"383",383,580,0,49.61,2461.1521,1,15.05,469,4,16,256,1,1,0,3,72.66,1,98,2010.5
"384",384,730,1,3.78,14.2884,1,66,1032,3,13,169,0,0,0,5,199.68,1,51,990.99
"385",385,730,1,10.65,113.4225,1,52.74,658,4,14,196,0,0,0,6,133.21,1,50,801.02
"386",386,730,1,19.24,370.1776,1,56.39,1160,4,1,1,0,0,0,2,137.76,0,9,311.62
"387",387,533,0,16.58,274.8964,1,12.27,740,1,19,361,1,1,0,5,193.71,1,94,3101.48
"388",388,730,1,26.32,692.7424,0,40.03,579,3,9,81,0,1,1,3,210.45,1,100,2351.29
"389",389,730,1,14.35,205.9225,1,38.08,638,6,6,36,0,1,0,3,55.12,1,68,1415.07
"390",390,730,1,44.4,1971.36,1,27.43,1157,3,12,144,0,0,0,4,137.66,1,71,1259.99
"391",391,489,0,65.81,4330.9561,1,23.76,806,2,18,324,1,0,0,2,131.67,1,33,1015.39
"392",392,601,0,68.96,4755.4816,0,49.77,1067,1,6,36,1,0,0,4,181.65,1,100,2228.62
"393",393,564,0,53.85,2899.8225,0,11.65,261,6,8,64,1,1,0,1,110.66,1,18,156.59
"394",394,730,1,4.06,16.4836,1,12.1,499,5,18,324,0,1,0,6,100.8,0,96,1808.53
"395",395,730,1,2.42,5.8564,1,50.98,1235,1,18,324,0,0,0,3,114.37,1,71,1608.19
"396",396,730,1,10.16,103.2256,0,63.98,735,2,7,49,0,1,1,5,64.86,1,40,722.74
"397",397,730,1,11.85,140.4225,1,59.75,1559,3,13,169,0,0,0,3,179.11,1,36,207.08
"398",398,639,0,50.52,2552.2704,1,53.68,714,4,3,9,1,0,1,3,54.21,1,42,512.79
"399",399,730,1,4.43,19.6249,1,67.21,1647,4,13,169,0,1,1,2,164.24,1,63,1725.8
"400",400,730,1,3.43,11.7649,1,7.22,329,3,15,225,0,1,0,2,95.97,1,51,258.14
"401",401,730,1,3.74,13.9876,0,44.62,599,5,18,324,0,0,1,3,63.69,1,59,1253.1
"402",402,730,1,18.36,337.0896,0,33.39,927,4,4,16,0,0,0,4,218.94,0,100,2905.17
"403",403,633,0,0.39,0.1521,1,39.33,133,5,19,361,1,1,1,1,167.15,0,25,643.15
"404",404,177,0,111.64,12463.4896,1,43.49,479,1,18,324,1,0,0,6,198.8,1,82,2778.68
"405",405,730,1,32.44,1052.3536,0,41.93,1648,4,4,16,0,0,0,3,130.35,1,19,330.94
"406",406,565,0,23.23,539.6329,1,22.69,134,2,6,36,1,0,1,5,119.36,0,56,1305.02
"407",407,730,1,2.96,8.7616,0,30.46,244,5,7,49,0,1,0,3,73.08,0,42,769.4
"408",408,730,1,19,361,0,29.25,1239,3,6,36,0,1,0,6,69.39,1,100,2417.24
"409",409,399,0,65.63,4307.2969,1,43.67,639,1,13,169,1,1,0,3,162.7,1,50,593.92
"410",410,730,1,0.04,0.0016,1,43.36,1300,2,6,36,0,0,0,5,159.9,0,23,408.54
"411",411,730,1,4.14,17.1396,0,47.56,675,5,8,64,0,0,0,6,122.06,0,86,2207.75
"412",412,730,1,34.91,1218.7081,0,73.75,730,5,3,9,0,0,1,3,106.49,1,53,1214.93
"413",413,578,0,27.12,735.4944,1,60.88,321,3,2,4,1,0,0,4,165.47,0,78,1831.54
"414",414,383,0,67.38,4540.0644,1,27.61,338,3,10,100,1,0,1,2,127.21,0,13,165.27
"415",415,730,1,8.22,67.5684,1,56.63,94,4,16,256,0,0,0,3,191.03,1,93,2167.81
"416",416,567,0,15.81,249.9561,0,69.29,116,1,16,256,1,1,0,6,105.66,0,44,403.65
"417",417,550,0,23.29,542.4241,1,43.06,257,3,5,25,1,1,0,4,66.65,0,57,1594.7
"418",418,268,0,96.72,9354.7584,1,32.23,944,1,4,16,1,1,0,2,164.89,1,7,309.16
"419",419,730,1,4.46,19.8916,0,55.82,1546,5,2,4,0,0,0,2,169.9,1,45,425.79
"420",420,730,1,4.59,21.0681,1,23.68,1064,4,9,81,0,0,0,5,107.83,1,33,223.14
"421",421,730,1,16.95,287.3025,0,50.97,645,6,12,144,0,1,1,4,170.9,0,43,575.1
"422",422,139,0,113.78,12945.8884,1,47.47,801,2,11,121,1,0,0,5,34.71,1,53,808.79
"423",423,730,1,21.26,451.9876,0,62.8,204,6,8,64,0,0,0,2,173.79,1,75,1799.38
"424",424,730,1,7.7,59.29,1,7.86,203,3,15,225,0,1,0,3,190.03,1,73,1365.45
"425",425,722,0,15.58,242.7364,1,28.15,368,2,10,100,1,1,0,2,106.07,1,35,317.13
"426",426,730,1,31.07,965.3449,0,50.07,768,3,3,9,0,0,1,2,170.61,1,32,430.76
"427",427,614,0,21.33,454.9689,0,68.75,136,2,12,144,1,1,0,4,38.64,1,20,505.48
"428",428,730,1,48.34,2336.7556,0,35.79,1726,1,19,361,0,0,0,3,76.28,0,18,410.46
"429",429,438,0,67.5,4556.25,1,42.49,59,2,9,81,1,1,0,3,139.65,1,35,591.43
"430",430,730,1,40.57,1645.9249,1,60.27,289,4,4,16,0,1,0,4,162.41,0,30,475.45
"431",431,730,1,56.69,3213.7561,1,64.89,452,3,18,324,0,1,0,1,123.58,0,50,899.83
"432",432,730,1,18.41,338.9281,1,8.04,206,5,14,196,0,1,0,1,150.12,1,22,494.08
"433",433,592,0,31.54,994.7716,1,22.08,249,2,15,225,1,1,1,1,134.56,1,30,310.65
"434",434,653,0,12.39,153.5121,0,42.06,761,2,19,361,1,1,0,3,134.54,1,38,292.26
"435",435,278,0,78.47,6157.5409,1,52.73,100,2,6,36,1,1,0,5,170.92,1,100,3201.42
"436",436,730,1,37.03,1371.2209,0,32.8,855,3,10,100,0,1,1,4,168.33,1,91,2563.05
"437",437,449,0,62.15,3862.6225,1,27.26,125,4,19,361,1,0,0,2,95.26,1,56,1372.15
"438",438,318,0,76.72,5885.9584,0,23.45,133,5,3,9,1,0,0,2,58.97,1,44,994.4
"439",439,663,0,72.11,5199.8521,1,43.54,1239,5,12,144,1,0,0,6,59.85,1,79,1898.89
"440",440,652,0,22.97,527.6209,0,69.76,82,5,2,4,1,0,0,6,175.11,0,30,256.91
"441",441,730,1,26.23,688.0129,1,34.03,619,4,18,324,0,1,0,1,108.3,1,39,424.81
"442",442,599,0,3.84,14.7456,1,29.21,382,3,20,400,1,0,0,4,172.63,1,46,1414.72
"443",443,309,0,101.51,10304.2801,1,60.76,243,4,19,361,1,1,0,3,24.66,1,34,218.7
"444",444,590,0,11.92,142.0864,1,20.51,328,5,3,9,1,1,0,4,134.08,0,39,267.16
"445",445,363,0,23.91,571.6881,1,20.56,11,1,4,16,1,1,0,6,179.5,1,38,1041.25
"446",446,308,0,101.26,10253.5876,1,23.48,1000,2,18,324,1,0,1,1,51.31,1,31,356.72
"447",447,706,0,3.59,12.8881,0,38.24,209,2,17,289,1,0,1,4,187.53,0,100,2587.82
"448",448,730,1,17,289,1,47.63,192,4,9,81,0,0,0,1,160.29,1,30,418.46
"449",449,730,1,3.97,15.7609,0,73.71,260,5,13,169,0,1,0,1,87.49,0,20,188.64
"450",450,730,1,10.17,103.4289,0,16.25,398,6,15,225,0,1,0,3,136.71,1,100,2275.37
"451",451,670,0,28.47,810.5409,0,6.16,116,2,11,121,1,0,0,5,101.21,0,57,638.68
"452",452,730,1,12.27,150.5529,1,50.21,1149,5,12,144,0,1,0,4,126.65,1,100,2386.86
"453",453,569,0,72.21,5214.2841,1,42.85,395,5,1,1,1,0,0,1,81.56,0,48,888.15
"454",454,730,1,42.42,1799.4564,1,43.87,142,6,15,225,0,1,1,5,174.05,0,100,2264.46
"455",455,730,1,0.61,0.3721,1,29.93,248,5,18,324,0,1,0,5,191.98,0,100,2910.35
"456",456,583,0,10.94,119.6836,0,43.2,23,4,19,361,1,1,1,2,177.97,1,45,712.05
"457",457,730,1,24.27,589.0329,0,25.01,1060,3,19,361,0,1,0,5,120.04,1,37,630.55
"458",458,212,0,106.69,11382.7561,1,12.55,254,5,4,16,1,1,1,6,144.42,1,84,2295.97
"459",459,730,1,16.07,258.2449,1,65.29,452,3,13,169,0,0,1,4,91.93,1,1,178.95
"460",460,730,1,31.11,967.8321,1,67.89,346,2,19,361,0,1,0,1,223.27,1,10,544.79
"461",461,730,1,7.07,49.9849,1,25,278,5,3,9,0,1,1,6,165.57,1,69,1464.4
"462",462,547,0,0.24,0.0576,1,21.79,508,1,9,81,1,0,0,1,110.36,0,14,742.6
"463",463,486,0,49.04,2404.9216,1,10.54,80,2,12,144,1,1,1,3,64.19,1,33,591.72
"464",464,730,1,79.62,6339.3444,1,38.61,1661,5,18,324,0,1,0,6,211.27,0,31,343.97
"465",465,730,1,44.89,2015.1121,0,37.27,1009,4,2,4,0,0,0,1,126.31,0,12,168.55
"466",466,413,0,82.54,6812.8516,1,22.75,1968,1,1,1,1,0,1,6,54.19,1,99,2301.65
"467",467,730,1,10.35,107.1225,0,19.95,779,5,9,81,0,1,0,2,146.13,0,42,670.43
"468",468,301,0,87.76,7701.8176,1,16,653,3,11,121,1,1,0,2,151.88,1,69,1144.35
"469",469,730,1,6.92,47.8864,0,60.16,728,6,13,169,0,1,0,6,129.72,1,100,2944.97
"470",470,730,1,4.11,16.8921,1,48.48,1099,3,12,144,0,0,0,2,79.18,1,17,135.85
"471",471,730,1,55.08,3033.8064,1,22.67,602,5,19,361,0,0,0,1,156.93,1,36,263.12
"472",472,730,1,48.1,2313.61,1,40.37,78,5,18,324,0,0,0,4,111.74,1,32,314.34
"473",473,730,1,4.86,23.6196,1,41.42,1371,3,1,1,0,1,0,2,125.31,1,30,381.4
"474",474,730,1,6.38,40.7044,0,69.96,366,2,6,36,0,0,0,4,112.24,1,18,274.1
"475",475,490,0,20.22,408.8484,1,41.01,77,2,2,4,1,1,0,2,185.05,0,23,529.43
"476",476,730,1,32.96,1086.3616,1,14.64,939,5,18,324,0,1,0,3,130.31,1,95,2362.75
"477",477,730,1,42.99,1848.1401,1,28.96,365,6,11,121,0,0,0,5,77.21,1,100,2445.44
"478",478,730,1,28.8,829.44,1,26.57,1300,4,2,4,0,0,0,6,49.46,1,52,912.69
"479",479,467,0,49.72,2472.0784,1,35.51,193,4,2,4,1,0,0,6,19.17,1,41,71.14
"480",480,730,1,13.82,190.9924,1,40.12,1577,6,4,16,0,0,0,5,27.55,1,22,-27.35
"481",481,465,0,78.87,6220.4769,0,56.51,264,4,21,441,1,0,0,4,184.89,0,61,1277.83
"482",482,661,0,48.42,2344.4964,1,35.66,355,5,12,144,1,0,1,5,98.01,0,59,1673.05
"483",483,730,1,6.97,48.5809,0,40.42,452,3,18,324,0,1,0,1,78.28,1,9,-40.55
"484",484,638,0,54.37,2956.0969,0,56.36,320,3,4,16,1,1,0,2,157.34,1,100,2286.87
"485",485,730,1,32.93,1084.3849,1,23.53,1027,4,8,64,0,0,1,6,105.28,1,99,2327.86
"486",486,730,1,2.59,6.7081,1,59.97,1731,6,10,100,0,1,1,1,166.58,1,31,302.92
"487",487,723,0,6.77,45.8329,1,45.08,379,2,20,400,1,0,0,4,136.54,1,22,601.42
"488",488,649,0,13.99,195.7201,0,35.95,337,4,10,100,1,1,1,4,111.76,0,53,1156.55
"489",489,730,1,12.8,163.84,1,58.85,745,2,15,225,0,0,0,3,190.47,0,42,1029.71
"490",490,474,0,78.6,6177.96,1,49.51,431,4,2,4,1,0,0,5,94.14,1,45,934.52
"491",491,717,0,5.64,31.8096,0,57.21,202,1,14,196,1,0,0,6,134.09,1,100,2940.89
"492",492,558,0,24.21,586.1241,0,59.72,25,2,8,64,1,1,0,5,70.49,1,39,304.4
"493",493,710,0,8.32,69.2224,0,45.04,123,2,8,64,1,1,0,2,75,0,23,765.96
"494",494,730,1,38.05,1447.8025,0,39.92,292,3,13,169,0,1,1,1,33.13,0,32,355.79
"495",495,730,1,0.87,0.7569,1,32,316,6,2,4,0,0,1,6,91.68,1,100,2532.05
"496",496,730,1,46.4,2152.96,1,20.21,1393,3,13,169,0,0,0,1,63.97,1,1,-0.14
"497",497,505,0,47.04,2212.7616,1,8.11,238,2,19,361,1,1,0,6,187.35,1,100,2793.27
"498",498,659,0,28,784,1,38.5,44,5,13,169,1,1,0,4,133.81,1,61,723.11
"499",499,730,1,14.92,222.6064,1,13.77,348,5,17,289,0,0,0,1,87.41,1,7,208.86
"500",500,730,1,40.52,1641.8704,1,60.42,469,3,3,9,0,0,1,3,138.03,1,18,567.62
